asset,degree,selection
0,2,0.00820851925851926
1,1,0.05186623229711464
2,4,0.28038945309076885
3,4,0.11990093969498
4,3,0.16948983571468101
5,3,0.15997770051585844
6,2,0.1903483212350086
7,2,0.10801612129700369
8,1,0.09979815984668927
9,3,0.05109573759573761
10,3,0.22897146797131332
11,1,0.008694172494172495
12,1,0.025018248091777506
13,3,0.0676024821583645
14,2,0.012240184815184815
15,3,0.08441905316905324
16,2,0.11422465132906319
17,3,0.16155356909172705
18,1,0.0919133338883339
19,2,0.1558958296089876
20,2,0.07141077533577539
21,1,0.02753081493669729
22,1,0.023480922294080185
23,1,0.03991042291042292
24,2,0.04445450513538748
25,3,0.15094367021867036
26,3,0.23208577544746287
27,1,0.05247522896779863
28,1,0.0687413392163392
29,2,0.24792649306318057
30,3,0.08740552443772259
31,1,0.022830060135942486
32,1,0.03455374445815622
33,1,0.052485989449147334
34,3,0.11544515250831042
35,3,0.06027441491257281
36,1,0.02586124986124986
37,1,0.07771482406482409
38,2,0.04247415226672191
39,3,0.1421599872349873
40,3,0.22111544099175692
41,2,0.06909352080667873
42,1,0.08491165556150077
43,1,0.0595997668997669
44,2,0.09104306946063917
45,1,0.02289610112110112
46,1,0.04762581993170228
47,1,0.023195892995892996
48,1,0.06653319469488202
49,1,0.09249186135501926
50,2,0.05504795803611595
51,3,0.16887183105851847
52,1,0.0243379089864384
53,2,0.09765852802168595
54,4,0.37306100430357403
55,1,0.0787798756798757
56,1,0.04485171261487052
57,4,0.16011275609495432
58,1,0.19820843775247807
59,3,0.21077460361276157
