case,transform,replications,max_selection_mean,max_selection_mc_se,anchor_selection_mean,anchor_selection_mc_se,max_degree_mean,max_degree_mc_se,degree_concentration_mean,degree_concentration_mc_se,reliability_share_mean,reliability_share_mc_se,population_edge_recovery_mean,population_edge_recovery_mc_se,mean_selection_mean,mean_selection_mc_se,frequency_max_selection_ge_080,frequency_wilson_low,frequency_wilson_high
independent_equal,raw,100,0.3768370127885532,0.00838056640053632,0.290047934015503,0.011315329043569102,5.0,0.09320337272260423,0.20457627118644064,0.0015141587896322663,0.1284991566864057,0.0007450917086411467,,,0.10000000000000003,1.1998266536608126e-18,0.0,0.0,0.036993498206983715
independent_equal,demeaned,100,0.32429877205929614,0.007371760074457401,0.26012926682510823,0.01076118089236858,4.83,0.07114503609961949,0.1984745762711864,0.0014956480665593702,0.12229357307664745,0.0006155525526983265,,,0.10000000000000003,1.2318276462733238e-18,0.0,0.0,0.036993498206983715
independent_equal,factor_residual,100,0.3740492937400578,0.007957405107921704,0.28870335957901755,0.010138609463597164,5.09,0.0943826298006196,0.2054237288135593,0.001514637817386233,0.1285476635320843,0.0007625161495801241,,,0.10000000000000003,1.2783279614620954e-18,0.0,0.0,0.036993498206983715
independent_unequal,raw,100,0.36745237067533437,0.006652159831572924,0.28818105569138475,0.009963513616625288,4.89,0.0723278171336114,0.2039830508474576,0.0015531119127530787,0.12844529826816486,0.0006236066133838077,,,0.10000000000000003,1.2396988295329515e-18,0.0,0.0,0.036993498206983715
independent_unequal,demeaned,100,0.9440077898767899,0.004633993063936051,0.9289057407592408,0.007054216991124363,9.95,0.20219752318917852,0.2927118644067797,0.0019880847204456842,0.24555480948393424,0.0017701230706425747,0.15067796610169493,0.005126773749260849,0.1,1.713922259361867e-18,0.99,0.9455138038212967,0.9982325679358592
independent_unequal,factor_residual,100,0.3678126238988051,0.006646238289090492,0.28407679899649724,0.010418748167534353,4.94,0.07360829992726241,0.20449152542372878,0.0014586927698808495,0.12828434413047207,0.0005891543982521503,,,0.10000000000000003,1.2552931385097095e-18,0.0,0.0,0.036993498206983715
market_only,raw,100,1.0,0.0,1.0,0.0,47.05,0.22579824730242812,0.5024576271186441,0.0015202550871739108,0.47168684904622715,0.0013530275765646746,0.797457627118644,0.0038270889373292908,0.10000000000000003,1.2934566296169435e-18,1.0,0.9630065017930163,1.0
market_only,demeaned,100,1.0,0.0,1.0,0.0,17.51,0.16360521589077368,0.3091525423728814,0.0018948962961810433,0.25255974378585155,0.0014755575186450058,0.3413559322033899,0.003548912309646998,0.1,1.5086745922116257e-18,1.0,0.9630065017930163,1.0
market_only,factor_residual,100,0.3799771567313836,0.007953072499280591,0.30789026529129637,0.011402388884881534,5.1,0.09156330260447351,0.20754237288135596,0.0016711872741230853,0.12999993279863287,0.0008263808216717524,,,0.10000000000000003,1.1998266536608126e-18,0.0,0.0,0.036993498206983715
market_residual,raw,100,1.0,0.0,1.0,0.0,42.85,0.1950783318453271,0.522457627118644,0.0014819804389114902,0.49668614493251567,0.0015423263616195933,0.8718644067796609,0.003501996356449119,0.10000000000000003,1.534247169289645e-18,1.0,0.9630065017930163,1.0
market_residual,demeaned,100,1.0,0.0,1.0,0.0,15.91,0.16273855838073034,0.34440677966101696,0.002337272871237481,0.302649344666174,0.0021250925317693433,0.4672881355932203,0.0051231500669638354,0.1,1.2318276462733238e-18,1.0,0.9630065017930163,1.0
market_residual,factor_residual,100,0.9994377916527918,0.0002292143315326088,0.9994377916527918,0.0002292143315326088,15.74,0.21631439894727117,0.28847457627118644,0.0021409373244628722,0.23280952469422803,0.001576016491494835,,,0.1,1.5656256147571663e-18,1.0,0.9630065017930163,1.0
market_only_sv_t5,raw,100,1.0,0.0,1.0,0.0,43.82,0.27611299107137977,0.4833050847457628,0.0017307251148463948,0.4500751718430152,0.001722749897559123,0.7427118644067796,0.004679881204599658,0.10000000000000003,1.534247169289645e-18,1.0,0.9630065017930163,1.0
market_only_sv_t5,demeaned,100,0.999935,5.1076789090920586e-05,0.999935,5.1076789090920586e-05,16.19,0.20434423323540513,0.29872881355932207,0.0022770757456073132,0.2415912097510379,0.001784605578665653,0.31440677966101693,0.004161276797360518,0.1,1.6620604594109226e-18,1.0,0.9630065017930163,1.0
market_only_sv_t5,factor_residual,100,0.40845414730805835,0.008897511567829796,0.32750819013975374,0.01229665513242182,5.2,0.08761716542303613,0.21338983050847454,0.0017470994162807208,0.13454805540069742,0.0009022529584991397,,,0.10000000000000003,1.270696084527588e-18,0.0,0.0,0.036993498206983715
