replication,standard_deviation_ratio,max_selection,max_degree,reliability_share,degree_concentration
0,2.0,0.4134951762289999,7,0.1318666900383875,0.22033898305084748
0,4.0,0.3540311596899835,6,0.13419759541859502,0.211864406779661
0,8.0,0.7512229700038526,9,0.16994929651604634,0.2457627118644068
0,16.0,0.973552380952381,13,0.24237125125345463,0.288135593220339
1,2.0,0.2808945649379859,5,0.12332659457808817,0.1864406779661017
1,4.0,0.38197925962925977,5,0.1383448899485914,0.211864406779661
1,8.0,0.5558880619380621,6,0.172649661872967,0.2457627118644068
1,16.0,0.810343506493507,8,0.23118621007053217,0.2796610169491525
2,2.0,0.321741415120827,5,0.11888094492192203,0.18644067796610167
2,4.0,0.4711471330956628,5,0.13758814824396834,0.21186440677966104
2,8.0,0.7073282495282497,9,0.19184888966135233,0.2627118644067797
2,16.0,0.9539108669108672,9,0.22265035642323786,0.2711864406779661
3,2.0,0.3210997146644208,5,0.12012954959214935,0.19491525423728814
3,4.0,0.6299133982031042,6,0.13907877247517084,0.2288135593220339
3,8.0,0.8999935841935842,7,0.16841477804210853,0.2457627118644068
3,16.0,0.9803803030303031,13,0.2307855551228433,0.288135593220339
4,2.0,0.416955659536542,7,0.13776559003599537,0.23728813559322035
4,4.0,0.5014047868797873,7,0.1510964922512406,0.2288135593220339
4,8.0,0.6045216835452127,6,0.16741806741779325,0.23728813559322035
4,16.0,0.8688402236652238,9,0.22569895415319155,0.2796610169491525
5,2.0,0.39019143111790194,4,0.11628554478382107,0.1779661016949153
5,4.0,0.5856903589874178,5,0.13568345130691842,0.22033898305084748
5,8.0,0.8557571151071149,7,0.1641995070303022,0.2288135593220339
5,16.0,0.9955619047619048,13,0.21968877182139898,0.2627118644067797
6,2.0,0.37808098274274754,4,0.1200205874272714,0.19491525423728814
6,4.0,0.4600502680240298,4,0.13287373366606461,0.2033898305084746
6,8.0,0.6305418414918419,6,0.1724973621163926,0.2288135593220339
6,16.0,0.9070534632034633,12,0.22577056970806975,0.288135593220339
7,2.0,0.41535294133970607,5,0.12668035072964037,0.2033898305084746
7,4.0,0.5271740122622476,5,0.13297756967018926,0.19491525423728814
7,8.0,0.7818413064060126,7,0.16380217296135793,0.2288135593220339
7,16.0,0.9223619991119992,8,0.1908019554833114,0.2288135593220339
8,2.0,0.3486055651864475,5,0.12537154590037192,0.19491525423728814
8,4.0,0.3909977255888249,5,0.1355940023292899,0.22033898305084745
8,8.0,0.7312689865689869,7,0.17533021463000273,0.2457627118644068
8,16.0,0.9045434065934065,9,0.22878589193292592,0.2796610169491525
9,2.0,0.2710246585801538,4,0.11649487030733227,0.17796610169491525
9,4.0,0.4273419074389664,4,0.13150710918578895,0.17796610169491522
9,8.0,0.7382133588633589,7,0.1635807346373024,0.211864406779661
9,16.0,0.8477309523809525,7,0.20735588940249958,0.24576271186440682
10,2.0,0.3647089936207586,5,0.12562590603563942,0.211864406779661
10,4.0,0.5172590196868839,5,0.1501204750320142,0.2288135593220339
10,8.0,0.8791283966033966,9,0.18984616969659343,0.2457627118644068
10,16.0,0.9778476190476191,11,0.2314588458622357,0.2796610169491525
11,2.0,0.25597987502693387,4,0.12466537730182455,0.17796610169491525
11,4.0,0.43350388075976326,5,0.1393477584949669,0.211864406779661
11,8.0,0.7945980297480297,8,0.17013409907363045,0.22881355932203387
11,16.0,0.917390925740926,9,0.18288062062701896,0.21186440677966098
12,2.0,0.44473949759390946,5,0.13211673229700405,0.2033898305084746
12,4.0,0.5579681063518523,6,0.1437600366858658,0.2288135593220339
12,8.0,0.7626495865245864,6,0.18470010535603762,0.2627118644067797
12,16.0,0.9405857864357866,8,0.2551834811610235,0.2966101694915254
13,2.0,0.26859705588529126,6,0.12160976272951601,0.22033898305084748
13,4.0,0.32049246880570426,6,0.1326522245285456,0.22033898305084745
13,8.0,0.5282309548294847,5,0.15545468112672747,0.23728813559322035
13,16.0,0.9337333333333335,8,0.19618987156910894,0.24576271186440676
14,2.0,0.3677880160688987,5,0.12432599384663195,0.22033898305084745
14,4.0,0.4353377238774299,5,0.14573297717016565,0.22033898305084745
14,8.0,0.6982865301365304,6,0.18192664332731637,0.2457627118644068
14,16.0,0.9653891774891775,8,0.21192021326131497,0.2542372881355932
15,2.0,0.3200147199807417,5,0.12055135076256124,0.211864406779661
15,4.0,0.5222299155093275,5,0.14243508640191102,0.2288135593220339
15,8.0,0.8804092185592188,6,0.16117688046140188,0.2288135593220339
15,16.0,0.9826333333333334,13,0.22848656978614612,0.3050847457627119
16,2.0,0.3889720025072966,5,0.1218966715515569,0.17796610169491525
16,4.0,0.53525654933302,5,0.14127745706298805,0.22033898305084745
16,8.0,0.901531177156177,11,0.21147739898989898,0.2796610169491525
16,16.0,0.9819571428571428,13,0.2481937258127936,0.2966101694915254
17,2.0,0.3346684444640328,4,0.11835370801653208,0.17796610169491525
17,4.0,0.4231381775087659,5,0.13082644822221096,0.19491525423728814
17,8.0,0.8452202575202578,8,0.19445579084148376,0.2627118644067797
17,16.0,0.9818444444444444,10,0.24176071517935924,0.2966101694915254
18,2.0,0.2768726214961511,5,0.13042184217134375,0.211864406779661
18,4.0,0.5028875568875569,7,0.15162142091319558,0.22033898305084748
18,8.0,0.861014135864136,6,0.18131120179255775,0.23728813559322035
18,16.0,0.9778666666666666,9,0.2408197928719115,0.2796610169491525
19,2.0,0.35815154061624643,5,0.12379734939232702,0.2033898305084746
19,4.0,0.5884269810255104,6,0.14212183632777642,0.22033898305084745
19,8.0,0.9127426490176489,8,0.19520429921939147,0.2627118644067797
19,16.0,0.9901525252525253,11,0.2376528483286958,0.288135593220339
20,2.0,0.3397853201837723,5,0.1189206993561936,0.19491525423728814
20,4.0,0.49859328824770033,6,0.14194984010897657,0.22881355932203387
20,8.0,0.7883802725052728,6,0.17683432386822215,0.2457627118644068
20,16.0,0.9446603896103897,11,0.2279801498407431,0.2711864406779661
21,2.0,0.3561733769498478,4,0.12506266175803812,0.1864406779661017
21,4.0,0.5262453740703743,6,0.150180280940949,0.22033898305084745
21,8.0,0.6919795815295816,7,0.19873559844110697,0.2711864406779661
21,16.0,0.9400408369408372,8,0.22842879314658981,0.2796610169491525
22,2.0,0.343137221112221,5,0.12103294443315633,0.20338983050847453
22,4.0,0.4300553640803641,6,0.12312279333190351,0.2033898305084746
22,8.0,0.5505116522366524,6,0.15621699072749215,0.23728813559322035
22,16.0,0.8589861194361192,7,0.22197183941294113,0.2711864406779661
23,2.0,0.3271956664250784,5,0.12703423439873698,0.211864406779661
23,4.0,0.3751493832964422,6,0.1521204474350287,0.2457627118644068
23,8.0,0.6460687151084213,7,0.1971561880016516,0.2796610169491525
23,16.0,0.8667841713841716,9,0.25138905204964535,0.3220338983050847
24,2.0,0.4563517273576101,6,0.13494247211249627,0.22881355932203393
24,4.0,0.5403846183228539,6,0.14597457654370674,0.22033898305084748
24,8.0,0.7036527084027085,6,0.16980176499583283,0.23728813559322035
24,16.0,0.87195130980131,7,0.2090792237893933,0.2711864406779661
25,2.0,0.3341511307320134,5,0.1225409206944601,0.20338983050847453
25,4.0,0.5458541985791988,6,0.13960356944025876,0.22033898305084745
25,8.0,0.6691463092463095,7,0.16584163583591552,0.23728813559322035
25,16.0,0.7493484570984572,7,0.19701720257143987,0.2542372881355932
26,2.0,0.29195559553105993,4,0.1204007552536932,0.1694915254237288
26,4.0,0.34998214106155295,6,0.1352802851504871,0.211864406779661
26,8.0,0.6970523920523922,6,0.16746057454786273,0.2288135593220339
26,16.0,0.8444118992118996,9,0.22426003996003996,0.2796610169491525
27,2.0,0.30897012676865643,4,0.1199529096305268,0.19491525423728814
27,4.0,0.46806618070611916,4,0.13269961098748032,0.19491525423728817
27,8.0,0.7183539932289935,7,0.18055011827100567,0.2457627118644068
27,16.0,0.9175214285714288,10,0.26326713634764487,0.3220338983050847
28,2.0,0.4226776003408359,6,0.13154017440961613,0.22033898305084748
28,4.0,0.5596538541523838,6,0.1438501563242341,0.2457627118644068
28,8.0,0.7101854134427668,6,0.176049905694173,0.2542372881355932
28,16.0,0.8887833055833056,8,0.22747999787406573,0.2711864406779661
29,2.0,0.5788860719346017,5,0.12850551240606078,0.18644067796610173
29,4.0,0.7277873151358446,6,0.1452394856140869,0.2033898305084746
29,8.0,0.8968196711699034,7,0.16670269293043344,0.2288135593220339
29,16.0,0.9948207792207793,10,0.22765075945711535,0.2796610169491525
30,2.0,0.4551583676127797,5,0.12522047875963635,0.211864406779661
30,4.0,0.4467272781140432,5,0.1378553220071167,0.19491525423728812
30,8.0,0.6970818575215638,7,0.18533331264808087,0.24576271186440682
30,16.0,0.8361106449106451,8,0.20669536033646202,0.2542372881355932
31,2.0,0.285807245695481,6,0.13048829830438755,0.22033898305084745
31,4.0,0.371482399136811,5,0.1306750127600327,0.2033898305084746
31,8.0,0.6193901848151849,6,0.1612913980558048,0.22033898305084745
31,16.0,0.9375633838383839,8,0.2160514452355554,0.2627118644067797
32,2.0,0.28859997877939053,5,0.12421600477178744,0.2033898305084746
32,4.0,0.37243979207067457,4,0.13228075447041057,0.19491525423728814
32,8.0,0.709153896103896,6,0.17434022561713236,0.2457627118644068
32,16.0,0.9684222222222222,11,0.23962489337404594,0.2796610169491525
33,2.0,0.3179296879505085,6,0.1269004171062739,0.2288135593220339
33,4.0,0.3671086092699874,5,0.12645474090213954,0.2033898305084746
33,8.0,0.5202471056721056,6,0.14897019632079458,0.211864406779661
33,16.0,0.8472341880341885,8,0.20745944954292414,0.2711864406779661
34,2.0,0.517157305602894,6,0.13595989233293573,0.2033898305084746
34,4.0,0.5483253338165104,6,0.13859522017392156,0.211864406779661
34,8.0,0.7119861254758317,8,0.18145487314280942,0.2542372881355932
34,16.0,0.9431523809523813,9,0.24393006334531758,0.2966101694915254
35,2.0,0.43160262809086375,5,0.12930132117245782,0.22033898305084745
35,4.0,0.5496186647803523,6,0.14201574297211073,0.211864406779661
35,8.0,0.6894830277565573,6,0.1658961806859365,0.2288135593220339
35,16.0,0.8623946553446558,9,0.2095412697942359,0.2627118644067797
36,2.0,0.4365168522653817,5,0.13958397568284164,0.2288135593220339
36,4.0,0.5401007378242675,5,0.1521030906325838,0.2288135593220339
36,8.0,0.6952481712731713,8,0.18669362574807494,0.2542372881355932
36,16.0,0.8091796536796542,10,0.23934633803108388,0.2966101694915254
37,2.0,0.2830118644427469,5,0.12520767486501538,0.19491525423728814
37,4.0,0.4655348915790093,5,0.13693292919000793,0.211864406779661
37,8.0,0.625518528856764,6,0.1707877031188597,0.2457627118644068
37,16.0,0.9175968475968477,8,0.23588934803426337,0.2711864406779661
38,2.0,0.46577073824867926,6,0.14029206532777075,0.22033898305084745
38,4.0,0.4937745292203498,7,0.1586751013823245,0.23728813559322035
38,8.0,0.7224227772227776,7,0.1886097287129067,0.2796610169491525
38,16.0,0.9187216450216452,8,0.24112094106458515,0.2966101694915254
39,2.0,0.32631501622732295,5,0.13070361262368205,0.2033898305084746
39,4.0,0.44854159304747565,5,0.13859484513907502,0.211864406779661
39,8.0,0.5009266511266511,5,0.15331739562226845,0.2288135593220339
39,16.0,0.6841045676545676,6,0.1839316411930818,0.23728813559322035
40,2.0,0.32809665390509035,4,0.11764957585159418,0.19491525423728817
40,4.0,0.4298886528504176,6,0.1402350836061579,0.22033898305084745
40,8.0,0.7538598956598959,7,0.17939288985496613,0.23728813559322035
40,16.0,0.9567023809523811,9,0.2452792077978519,0.288135593220339
41,2.0,0.27698969119116174,4,0.11645697195515245,0.1694915254237288
41,4.0,0.39957816954287545,4,0.13364584426180892,0.19491525423728812
41,8.0,0.6915551864801865,6,0.16630705445684263,0.22033898305084745
41,16.0,0.9422588744588745,10,0.23777864696508771,0.288135593220339
42,2.0,0.2986617018602314,5,0.12234568914385718,0.211864406779661
42,4.0,0.38626694286106067,5,0.1308860066196682,0.2288135593220339
42,8.0,0.42196893629246585,6,0.15314656860670076,0.24576271186440676
42,16.0,0.7844288100788106,7,0.2043101817203513,0.2542372881355932
43,2.0,0.291236291649527,4,0.11757070102589864,0.18644067796610173
43,4.0,0.29952370146193685,5,0.12620356723701692,0.20338983050847453
43,8.0,0.6627042568542567,6,0.16475382498857075,0.2288135593220339
43,16.0,0.8852183927183929,7,0.23433121388968853,0.288135593220339
44,2.0,0.33198732476673665,4,0.11862395871271744,0.17796610169491525
44,4.0,0.47993071764836487,4,0.12922326795836273,0.17796610169491525
44,8.0,0.6693760517260522,6,0.17054793673840288,0.2288135593220339
44,16.0,0.9432979797979798,9,0.23349167644972724,0.2796610169491525
45,2.0,0.46834356558474216,6,0.14179826795035383,0.23728813559322035
45,4.0,0.5983903323800386,7,0.15204680618760885,0.2288135593220339
45,8.0,0.7548457264957267,9,0.18811177501323317,0.2796610169491525
45,16.0,0.8079970418470421,10,0.24778618937559618,0.3050847457627119
46,2.0,0.4266508182993478,4,0.12015132382667217,0.19491525423728814
46,4.0,0.442040884511086,5,0.132589440546175,0.211864406779661
46,8.0,0.6756299586034883,6,0.16864730417195528,0.22033898305084745
46,16.0,0.967263492063492,12,0.24988243079895625,0.288135593220339
47,2.0,0.3090507236227825,5,0.1288332773435715,0.211864406779661
47,4.0,0.4133352131442691,5,0.13690458517689658,0.21186440677966098
47,8.0,0.6725327561327562,7,0.16567025900182683,0.23728813559322035
47,16.0,0.8197760461760462,7,0.20532580032961398,0.2627118644067797
48,2.0,0.35899317332993824,6,0.12533338247827286,0.1864406779661017
48,4.0,0.38275969863469883,6,0.1362923694022274,0.211864406779661
48,8.0,0.5588293040293043,5,0.16967100098583154,0.2288135593220339
48,16.0,0.8179867188367191,7,0.2138341073709718,0.2627118644067797
49,2.0,0.3966834142981204,6,0.1329712656693589,0.22033898305084748
49,4.0,0.5136545774401038,5,0.15289865297743835,0.23728813559322035
49,8.0,0.6721925851925853,7,0.186253260755529,0.2457627118644068
49,16.0,0.8282405483405489,7,0.2216649875077842,0.2711864406779661
50,2.0,0.45122296801925316,6,0.13391772328774354,0.22033898305084745
50,4.0,0.5206784356166714,6,0.1603495576125437,0.24576271186440676
50,8.0,0.79577446997447,7,0.20013864486848043,0.2627118644067797
50,16.0,0.9112544011544014,8,0.25536800638156576,0.3050847457627119
51,2.0,0.38135291652791653,4,0.12882230827825167,0.19491525423728814
51,4.0,0.6496007992007994,7,0.15970235926973225,0.2288135593220339
51,8.0,0.888519430569431,10,0.195987896684295,0.2627118644067797
51,16.0,0.9641168831168831,10,0.2238317713830426,0.2796610169491525
52,2.0,0.3624300705314639,4,0.12278125276601107,0.19491525423728814
52,4.0,0.4568700903671493,4,0.12967667534774965,0.19491525423728814
52,8.0,0.6112431762681765,5,0.1524562279528381,0.22033898305084745
52,16.0,0.948592712842713,7,0.20500682514284213,0.2627118644067797
53,2.0,0.286347113739374,5,0.12131739842326376,0.19491525423728812
53,4.0,0.5182652337858222,6,0.14787504265352697,0.22881355932203393
53,8.0,0.7212982905982905,7,0.18762291296274347,0.2711864406779661
53,16.0,0.9397936507936508,10,0.24135966683975166,0.2796610169491525
54,2.0,0.3265310000457061,5,0.13244487945630837,0.20338983050847453
54,4.0,0.4975252192252195,5,0.15011476825213113,0.22033898305084743
54,8.0,0.6850085581085585,7,0.19673553264061755,0.2711864406779661
54,16.0,0.8640643578643581,9,0.24112800396402098,0.288135593220339
55,2.0,0.3547356034488387,5,0.1295540959732635,0.211864406779661
55,4.0,0.3597150925785604,5,0.12980379357127866,0.19491525423728814
55,8.0,0.7536772921522923,7,0.16968828887684828,0.23728813559322035
55,16.0,0.9385834776334777,8,0.21905667190624825,0.2711864406779661
56,2.0,0.3263626626641333,5,0.12656561045469786,0.2288135593220339
56,4.0,0.5061692242398127,5,0.1348271308424599,0.22033898305084745
56,8.0,0.6848689643689647,6,0.1863866014233911,0.2542372881355932
56,16.0,0.8954029581529582,10,0.2415829392829393,0.288135593220339
57,2.0,0.27905322340198524,7,0.1329884691820602,0.23728813559322032
57,4.0,0.3648542793807502,5,0.14177626897307863,0.22033898305084745
57,8.0,0.642063963813964,9,0.18897989877354293,0.2627118644067796
57,16.0,0.8499963203463203,8,0.22483854619956314,0.2796610169491525
58,2.0,0.46371164684988236,5,0.12960330876473702,0.1864406779661017
58,4.0,0.5291008635155698,5,0.13943554090337495,0.2033898305084746
58,8.0,0.5264424519924522,6,0.1665902684401563,0.23728813559322035
58,16.0,0.8635975413475417,8,0.2091769032756321,0.2711864406779661
59,2.0,0.31896439426586504,4,0.1266291716730152,0.20338983050847453
59,4.0,0.4283830946830948,5,0.12878996572531567,0.19491525423728814
59,8.0,0.576317937617938,7,0.15859220534644264,0.2288135593220339
59,16.0,0.8457997779997783,8,0.22557517233237576,0.288135593220339
60,2.0,0.37181864246864266,6,0.13040193456980598,0.22033898305084743
60,4.0,0.37175571585277495,6,0.144067263877421,0.2457627118644068
60,8.0,0.6202532297767591,5,0.16953416227895296,0.23728813559322035
60,16.0,0.9014389332889334,10,0.22132847369203298,0.2796610169491525
61,2.0,0.40180493362846337,6,0.13088021719888626,0.2033898305084746
61,4.0,0.4146802472639162,5,0.13235084625243687,0.2033898305084746
61,8.0,0.6045323875470942,5,0.15097548732009103,0.211864406779661
61,16.0,0.9031334054834057,8,0.20851989338345275,0.2542372881355932
62,2.0,0.25198905979641284,5,0.12015632203179559,0.20338983050847453
62,4.0,0.3136329421696295,5,0.13245927133188773,0.2033898305084746
62,8.0,0.5964057192807191,5,0.16046817419868264,0.2288135593220339
62,16.0,0.9053333499833501,8,0.19493865179077047,0.23728813559322035
63,2.0,0.3636419673463792,5,0.1284969373611323,0.211864406779661
63,4.0,0.4913198936684234,6,0.13685310600001535,0.2288135593220339
63,8.0,0.6950402153402151,6,0.15597199199105982,0.2288135593220339
63,16.0,0.9506418192918191,12,0.23386173990792639,0.2966101694915254
64,2.0,0.31966420131296297,5,0.1271650610933381,0.2033898305084746
64,4.0,0.43111574863045465,4,0.1328398638375583,0.19491525423728817
64,8.0,0.6878182702918002,6,0.16810337946920703,0.211864406779661
64,16.0,0.8121348429348431,7,0.22476678613288784,0.2711864406779661
65,2.0,0.3770754290944695,7,0.13416401367183892,0.2288135593220339
65,4.0,0.5045868187368189,6,0.14353208618123878,0.22033898305084745
65,8.0,0.8024991730491732,9,0.19960063542860162,0.2627118644067797
65,16.0,0.945006465756466,10,0.2578826670504637,0.2966101694915254
66,2.0,0.30374344038314627,5,0.12499576254171223,0.19491525423728814
66,4.0,0.3119790799070212,4,0.12940088850996137,0.19491525423728814
66,8.0,0.5686864413364416,4,0.15321834041664553,0.2033898305084746
66,16.0,0.876827777777778,8,0.2188259931687898,0.2711864406779661
67,2.0,0.4228761253452433,5,0.12587699166799632,0.211864406779661
67,4.0,0.5800938083158671,4,0.13573651861321356,0.2033898305084746
67,8.0,0.8414432706182706,6,0.16856191125258915,0.2288135593220339
67,16.0,0.9426701298701295,7,0.20862713242501374,0.2542372881355932
68,2.0,0.4096726125096095,6,0.12644879141129933,0.22033898305084745
68,4.0,0.5789948462785925,6,0.14928192573796686,0.22033898305084745
68,8.0,0.8124088522588525,7,0.1816259540835812,0.2457627118644068
68,16.0,0.9716777777777778,9,0.2417613764295967,0.2796610169491525
69,2.0,0.2814445527812401,5,0.12350800474086739,0.2033898305084746
69,4.0,0.42659141185611793,5,0.13570183586768836,0.211864406779661
69,8.0,0.6261516594516597,6,0.16976463578794088,0.2457627118644068
69,16.0,0.8246845543345546,7,0.21122179637688118,0.2627118644067797
70,2.0,0.3902355482752542,6,0.1345031189137456,0.2288135593220339
70,4.0,0.5321473234282059,6,0.14102462233816923,0.211864406779661
70,8.0,0.7224665195915196,6,0.15333260529074336,0.211864406779661
70,16.0,0.8110988122988125,7,0.19379686706890095,0.2457627118644068
71,2.0,0.5310710426828075,6,0.12699796326416468,0.19491525423728812
71,4.0,0.6022049625812785,6,0.13569493452825301,0.2033898305084746
71,8.0,0.5514488088708678,6,0.1639614399669235,0.2457627118644068
71,16.0,0.7735868853368856,6,0.18702495818682263,0.23728813559322035
72,2.0,0.41854976934829874,5,0.1339233764214074,0.19491525423728814
72,4.0,0.7102063686313687,7,0.16853959178768507,0.23728813559322032
72,8.0,0.9605896825396826,10,0.21761617156522448,0.2796610169491525
72,16.0,0.9941650793650793,12,0.2514539422441964,0.2966101694915254
73,2.0,0.30318899408125427,5,0.12491272097231916,0.2033898305084746
73,4.0,0.44298731590047397,5,0.1449921724293065,0.22033898305084745
73,8.0,0.7760978354978357,7,0.1966693091277837,0.2796610169491525
73,16.0,0.9650333333333333,9,0.24897504360046732,0.29661016949152547
74,2.0,0.31678547922665584,5,0.12499194715774978,0.2033898305084746
74,4.0,0.3668516248457425,5,0.13206873739559433,0.19491525423728814
74,8.0,0.6405522227772229,6,0.1685726825904792,0.23728813559322035
74,16.0,0.8481495670995671,8,0.22180183112555996,0.288135593220339
75,2.0,0.34246475501622564,4,0.11823056735277578,0.2033898305084746
75,4.0,0.4559677845030789,6,0.13695548512316896,0.22033898305084748
75,8.0,0.6496449328449333,6,0.16211997926743701,0.2288135593220339
75,16.0,0.8637331612831617,9,0.2279779942750283,0.2711864406779661
76,2.0,0.3758956514074163,5,0.12677226673293476,0.20338983050847462
76,4.0,0.6069762210012211,6,0.13922902072033436,0.211864406779661
76,8.0,0.7506695526695529,6,0.1534527903593582,0.211864406779661
76,16.0,0.8211182484182483,7,0.211079019238765,0.2711864406779661
77,2.0,0.3444456905323779,5,0.1275927811440104,0.211864406779661
77,4.0,0.4308753385503388,5,0.14071761719780168,0.211864406779661
77,8.0,0.6386393772893771,6,0.1709756041745449,0.22881355932203387
77,16.0,0.8451694805194809,8,0.2256314243665939,0.288135593220339
78,2.0,0.289735124516007,4,0.11908616633864644,0.19491525423728817
78,4.0,0.43754518847165913,6,0.1324340148953185,0.2033898305084746
78,8.0,0.5737442945942947,7,0.16255797263000657,0.2288135593220339
78,16.0,0.7594974747474748,7,0.21389329766278922,0.2711864406779661
79,2.0,0.32478156679921394,5,0.12627554526729504,0.2033898305084746
79,4.0,0.46224081882170115,5,0.1360502050251178,0.2033898305084746
79,8.0,0.7084637945387945,7,0.16524117647888828,0.2457627118644068
79,16.0,0.9264158730158731,12,0.24096936189987045,0.2966101694915254
80,2.0,0.25926999340528756,5,0.11695924916586684,0.19491525423728814
80,4.0,0.3715343268960145,4,0.12934185120500652,0.1779661016949153
80,8.0,0.7670013098013096,6,0.17517102977060614,0.23728813559322035
80,16.0,0.9574849927849928,10,0.22418918492054082,0.2796610169491525
81,2.0,0.38808434359757926,5,0.12653882412838838,0.19491525423728814
81,4.0,0.4993221902280727,6,0.151113464028494,0.23728813559322035
81,8.0,0.7054985292485294,8,0.17444046153940226,0.2457627118644068
81,16.0,0.8081510933510936,8,0.2147236343693971,0.2627118644067797
82,2.0,0.280496595672989,5,0.12186436460091488,0.18644067796610173
82,4.0,0.31464205843176446,5,0.1265486698219251,0.211864406779661
82,8.0,0.5075486929736932,5,0.14616765482634128,0.22033898305084745
82,16.0,0.9149730880230881,6,0.18438821823186227,0.2457627118644068
83,2.0,0.3669440748793692,4,0.11875015733320689,0.1864406779661017
83,4.0,0.3597012660542073,5,0.1308287866088714,0.22033898305084743
83,8.0,0.7454905844155845,7,0.1695103337810966,0.2288135593220339
83,16.0,0.9558112554112557,11,0.2279912124598565,0.2627118644067797
84,2.0,0.21318583025161977,5,0.11437433923429954,0.18644067796610167
84,4.0,0.3039374031197561,4,0.12218234306404796,0.19491525423728817
84,8.0,0.6065204073704076,6,0.1574383041628804,0.22033898305084745
84,16.0,0.9265329725829725,10,0.21491966503364807,0.2542372881355932
85,2.0,0.3504781522399171,5,0.12696260762160305,0.20338983050847462
85,4.0,0.33634576387664644,5,0.12993210649851977,0.22033898305084745
85,8.0,0.6283830308580314,5,0.1483065281179439,0.211864406779661
85,16.0,0.8891708513708516,8,0.21311171878968488,0.2627118644067797
86,2.0,0.2468691031105118,5,0.12091993614837586,0.211864406779661
86,4.0,0.4285016710413772,7,0.14401947981673804,0.23728813559322035
86,8.0,0.6729363719613717,6,0.18428078644519325,0.2542372881355932
86,16.0,0.8777364080364078,8,0.2272931795605524,0.2796610169491525
87,2.0,0.30486019046313184,4,0.11707500469232777,0.2033898305084746
87,4.0,0.36430052091871,5,0.12823391324593447,0.2288135593220339
87,8.0,0.6567810467310468,5,0.15514676730990293,0.22033898305084745
87,16.0,0.8683264457764458,9,0.21769810420276528,0.2627118644067797
88,2.0,0.24788113700025474,4,0.12024896029265028,0.1864406779661017
88,4.0,0.43940459501798523,5,0.131261353322897,0.211864406779661
88,8.0,0.6506782856032853,5,0.15686364729902863,0.22033898305084745
88,16.0,0.8207487012987015,7,0.20879580222037852,0.2711864406779661
89,2.0,0.3206661368043723,6,0.12126658923357582,0.211864406779661
89,4.0,0.39971573491867607,5,0.1293874199765474,0.22033898305084745
89,8.0,0.6714650987900985,6,0.1507605051257593,0.23728813559322035
89,16.0,0.9096950660450661,9,0.20475836550455206,0.2796610169491525
90,2.0,0.2813139762198586,4,0.11668027396609154,0.1864406779661017
90,4.0,0.45776559698471464,5,0.13320727637129684,0.211864406779661
90,8.0,0.6434347707847707,6,0.16662825601893405,0.2288135593220339
90,16.0,0.7866829004329009,8,0.2366369009521553,0.2966101694915254
91,2.0,0.3932333610833612,4,0.13046848584087203,0.2033898305084746
91,4.0,0.48830601065601076,7,0.15622785035115544,0.2542372881355932
91,8.0,0.6093487956487958,5,0.16261141161790466,0.211864406779661
91,16.0,0.8827690476190476,8,0.21363103469035677,0.2627118644067797
92,2.0,0.4455471489295019,5,0.1346175001552121,0.211864406779661
92,4.0,0.5573507381507384,6,0.1515514756651348,0.23728813559322035
92,8.0,0.7075857753357753,6,0.17525951200400355,0.23728813559322035
92,16.0,0.9086632201132201,7,0.20504848494255276,0.23728813559322035
93,2.0,0.28976129213064195,5,0.1252239436962203,0.19491525423728814
93,4.0,0.4519128066378069,5,0.1403189646055175,0.211864406779661
93,8.0,0.7335809940059941,6,0.18121038229661113,0.24576271186440682
93,16.0,0.9846238095238097,11,0.23057198230206705,0.288135593220339
94,2.0,0.40644388013946836,6,0.13491498901840382,0.2288135593220339
94,4.0,0.39756434953934955,5,0.14005239821660564,0.211864406779661
94,8.0,0.6398537351537349,5,0.16344532604871587,0.22033898305084745
94,16.0,0.8409957431457437,8,0.21892724220224236,0.2711864406779661
95,2.0,0.3472088826206473,5,0.12459509839750368,0.20338983050847453
95,4.0,0.427734140859141,4,0.1377893386980251,0.20338983050847453
95,8.0,0.6214743783993786,5,0.16212859008721425,0.23728813559322035
95,16.0,0.9061924908424909,8,0.21044836392421148,0.2542372881355932
96,2.0,0.371951082414318,5,0.12916951523271641,0.2033898305084746
96,4.0,0.4654003121061946,6,0.1474988961285198,0.2288135593220339
96,8.0,0.7843558552558548,6,0.17461858184188692,0.2457627118644068
96,16.0,0.9670406926406928,7,0.2206968386133641,0.2542372881355932
97,2.0,0.4047588970197331,5,0.1344382119654264,0.211864406779661
97,4.0,0.5648541247967718,7,0.14850836991744273,0.22033898305084745
97,8.0,0.6990238813474109,6,0.17570791446284972,0.23728813559322035
97,16.0,0.9096194083694087,6,0.20205778317727482,0.2457627118644068
98,2.0,0.27991719195836856,5,0.1237827222849157,0.18644067796610167
98,4.0,0.5012791788277083,5,0.1460716859356441,0.2288135593220339
98,8.0,0.8350861416361421,8,0.19675534545492177,0.2457627118644068
98,16.0,0.9690500000000002,11,0.25078244796634636,0.27966101694915246
99,2.0,0.3779811817439529,4,0.12053577831857207,0.1694915254237288
99,4.0,0.528271693176105,5,0.1357605803690052,0.211864406779661
99,8.0,0.7549421883671888,8,0.1982413172985208,0.2711864406779661
99,16.0,0.9721166666666666,11,0.24270690227851247,0.2796610169491525
