origin,network,p,k,mean_degree_width,mean_rank_width,top1_candidate_size,top1_certified,topk_candidate_size,topk_certified,exact_degree_count,stable_bootstrap_count,stable_and_certified,critical
2007-03-19,raw,46,5,43.15217391304348,45.0,46,0,46,0,0,1,0,4.503091047048531
2007-03-19,demeaned,46,5,43.54347826086956,45.0,46,0,46,0,0,0,0,4.6903600519612825
2007-03-19,factor_residual,46,5,44.0,45.0,46,0,46,0,0,0,0,4.9033847081540225
2007-08-13,raw,49,5,46.48979591836735,48.0,49,0,49,0,0,1,0,4.355583920658463
2007-08-13,demeaned,49,5,46.3469387755102,48.0,49,0,49,0,0,0,0,4.47367569518118
2007-08-13,factor_residual,49,5,46.795918367346935,48.0,49,0,49,0,0,0,0,4.500633709486316
2008-01-09,raw,52,6,49.78846153846154,51.0,52,0,52,0,0,0,0,4.112198022323603
2008-01-09,demeaned,52,6,49.34615384615385,51.0,52,0,52,0,0,0,0,4.241266502755109
2008-01-09,factor_residual,52,6,49.90384615384615,51.0,52,0,52,0,0,0,0,4.490076316191988
2008-06-04,raw,46,5,43.78260869565217,45.0,46,0,46,0,0,1,0,4.110726529706974
2008-06-04,demeaned,46,5,43.84782608695652,45.0,46,0,46,0,0,0,0,4.313148056615839
2008-06-04,factor_residual,46,5,43.82608695652174,45.0,46,0,46,0,0,0,0,4.524951586915997
2008-10-23,raw,47,5,44.212765957446805,46.0,47,0,47,0,0,1,0,4.1529903925382445
2008-10-23,demeaned,47,5,44.319148936170215,46.0,47,0,47,0,0,0,0,4.380399644741734
2008-10-23,factor_residual,47,5,44.851063829787236,46.0,47,0,47,0,0,0,0,4.536125627982377
2009-03-20,raw,44,5,40.20454545454545,43.0,44,0,44,0,0,1,0,4.24116587870929
2009-03-20,demeaned,44,5,41.25,43.0,44,0,44,0,0,0,0,4.186875100690085
2009-03-20,factor_residual,44,5,41.93181818181818,43.0,44,0,44,0,0,0,0,4.207657879580019
2009-08-13,raw,49,5,43.89795918367347,48.0,49,0,49,0,0,0,0,4.216296758911968
2009-08-13,demeaned,49,5,43.326530612244895,48.0,49,0,49,0,0,1,0,4.176232212233401
2009-08-13,factor_residual,49,5,46.87755102040816,48.0,49,0,49,0,0,0,0,4.2779936414541595
2010-01-06,raw,46,5,39.82608695652174,45.0,46,0,46,0,0,2,0,4.0741580463129665
2010-01-06,demeaned,46,5,41.21739130434783,45.0,46,0,46,0,0,0,0,4.192358249308761
2010-01-06,factor_residual,46,5,43.67391304347826,45.0,46,0,46,0,0,0,0,4.169958864207138
2010-05-31,raw,47,5,42.659574468085104,46.0,47,0,47,0,0,0,0,4.247337568368792
2010-05-31,demeaned,47,5,43.744680851063826,46.0,47,0,47,0,0,0,0,4.208464998180231
2010-05-31,factor_residual,47,5,44.93617021276596,46.0,47,0,47,0,0,0,0,4.519088370061664
2010-10-19,raw,46,5,41.76086956521739,45.0,46,0,46,0,0,1,0,4.377225937313207
2010-10-19,demeaned,46,5,43.108695652173914,45.0,46,0,46,0,0,0,0,4.340617786391814
2010-10-19,factor_residual,46,5,43.84782608695652,45.0,46,0,46,0,0,0,0,4.637434498610467
2011-03-14,raw,48,5,44.541666666666664,47.0,48,0,48,0,0,1,0,4.301541855369452
2011-03-14,demeaned,48,5,45.833333333333336,47.0,48,0,48,0,0,0,0,4.434756920272661
2011-03-14,factor_residual,48,5,46.0,47.0,48,0,48,0,0,0,0,4.423090118465832
2011-08-05,raw,47,5,44.46808510638298,46.0,47,0,47,0,0,1,0,4.62671949231657
2011-08-05,demeaned,47,5,44.659574468085104,46.0,47,0,47,0,0,0,0,4.545801188288418
2011-08-05,factor_residual,47,5,44.8936170212766,46.0,47,0,47,0,0,0,0,4.629371489214889
2011-12-30,raw,47,5,44.1063829787234,46.0,47,0,47,0,0,1,0,4.1775354109805924
2011-12-30,demeaned,47,5,44.61702127659574,46.0,47,0,47,0,0,0,0,4.211531577336142
2011-12-30,factor_residual,47,5,45.0,46.0,47,0,47,0,0,0,0,4.319862331869195
2012-05-25,raw,45,5,42.17777777777778,44.0,45,0,45,0,0,1,0,4.2310530966990045
2012-05-25,demeaned,45,5,42.53333333333333,44.0,45,0,45,0,0,0,0,4.234896730899159
2012-05-25,factor_residual,45,5,43.0,44.0,45,0,45,0,0,0,0,4.472594131038353
2012-10-16,raw,42,5,39.095238095238095,41.0,42,0,42,0,0,2,0,4.268396174445917
2012-10-16,demeaned,42,5,39.07142857142857,41.0,42,0,42,0,0,0,0,4.23287001481831
2012-10-16,factor_residual,42,5,40.0,41.0,42,0,42,0,0,0,0,4.3947893704753325
2013-03-13,raw,44,5,41.29545454545455,43.0,44,0,44,0,0,1,0,4.495751614594788
2013-03-13,demeaned,44,5,41.25,43.0,44,0,44,0,0,0,0,4.46695889007117
2013-03-13,factor_residual,44,5,42.0,43.0,44,0,44,0,0,0,0,4.731536972248951
2013-08-08,raw,43,5,40.55813953488372,42.0,43,0,43,0,0,0,0,4.260776915871051
2013-08-08,demeaned,43,5,40.58139534883721,42.0,43,0,43,0,0,0,0,4.216562396232718
2013-08-08,factor_residual,43,5,40.95348837209303,42.0,43,0,43,0,0,0,0,4.287852462603082
2014-01-08,raw,47,5,44.46808510638298,46.0,47,0,47,0,0,0,0,4.141345933332401
2014-01-08,demeaned,47,5,44.61702127659574,46.0,47,0,47,0,0,0,0,4.201891227546028
2014-01-08,factor_residual,47,5,44.95744680851064,46.0,47,0,47,0,0,0,0,4.188479553282203
2014-06-02,raw,51,6,48.72549019607843,50.0,51,0,51,0,0,1,0,4.125976180883807
2014-06-02,demeaned,51,6,48.86274509803921,50.0,51,0,51,0,0,0,0,4.197177255821046
2014-06-02,factor_residual,51,6,48.96078431372549,50.0,51,0,51,0,0,0,0,4.159058498300836
2014-10-22,raw,50,5,47.2,49.0,50,0,50,0,0,1,0,4.153492573871455
2014-10-22,demeaned,50,5,47.1,49.0,50,0,50,0,0,0,0,4.298241849113128
2014-10-22,factor_residual,50,5,47.58,49.0,50,0,50,0,0,1,0,4.273334630829274
2015-03-20,raw,49,5,46.857142857142854,48.0,49,0,49,0,0,1,0,4.1097505602497515
2015-03-20,demeaned,49,5,46.89795918367347,48.0,49,0,49,0,0,0,0,4.166238266470552
2015-03-20,factor_residual,49,5,46.89795918367347,48.0,49,0,49,0,0,0,0,4.094883528366397
2015-08-13,raw,52,6,49.75,51.0,52,0,52,0,0,0,0,4.2839484131619505
2015-08-13,demeaned,52,6,49.94230769230769,51.0,52,0,52,0,0,0,0,4.275128019519276
2015-08-13,factor_residual,52,6,50.0,51.0,52,0,52,0,0,0,0,4.288630593505419
2016-01-08,raw,53,6,49.0377358490566,52.0,53,0,53,0,0,0,0,4.217301703766165
2016-01-08,demeaned,53,6,49.716981132075475,52.0,53,0,53,0,0,0,0,4.234590881415015
2016-01-08,factor_residual,53,6,50.471698113207545,52.0,53,0,53,0,0,0,0,4.219848605155736
2016-06-02,raw,53,6,48.60377358490566,52.0,53,0,53,0,0,1,0,4.261273996668617
2016-06-02,demeaned,53,6,49.075471698113205,52.0,53,0,53,0,0,0,0,4.318353568270836
2016-06-02,factor_residual,53,6,50.301886792452834,52.0,53,0,53,0,0,0,0,4.310775259179853
2016-10-21,raw,53,6,49.339622641509436,52.0,53,0,53,0,0,0,0,4.206505094170729
2016-10-21,demeaned,53,6,49.41509433962264,52.0,53,0,53,0,0,0,0,4.2531925364679
2016-10-21,factor_residual,53,6,50.132075471698116,52.0,53,0,53,0,0,0,0,4.2285578963019175
2017-03-16,raw,55,6,51.32727272727273,54.0,55,0,55,0,0,0,0,4.271611977121405
2017-03-16,demeaned,55,6,51.472727272727276,54.0,55,0,55,0,0,0,0,4.359705692918434
2017-03-16,factor_residual,55,6,52.127272727272725,54.0,55,0,55,0,0,0,0,4.329559222583999
2017-08-10,raw,54,6,50.148148148148145,53.0,54,0,54,0,0,1,0,4.23237122173108
2017-08-10,demeaned,54,6,50.148148148148145,53.0,54,0,54,0,0,0,0,4.168894012423552
2017-08-10,factor_residual,54,6,50.925925925925924,53.0,54,0,54,0,0,0,0,4.289385727208179
2018-01-05,raw,53,6,48.75471698113208,52.0,53,0,53,0,0,0,0,4.197715094925707
2018-01-05,demeaned,53,6,48.58490566037736,52.0,53,0,53,0,0,0,0,4.143071561660641
2018-01-05,factor_residual,53,6,49.528301886792455,52.0,53,0,53,0,0,0,0,4.207275797562132
2018-06-01,raw,52,6,46.38461538461539,51.0,52,0,52,0,0,0,0,4.266922359558613
2018-06-01,demeaned,52,6,46.07692307692308,51.0,52,0,52,0,0,0,0,4.182452188284566
2018-06-01,factor_residual,52,6,47.75,51.0,52,0,52,0,0,0,0,4.228608701238568
2018-10-22,raw,55,6,48.25454545454546,54.0,55,0,55,0,0,0,0,4.221768942740292
2018-10-22,demeaned,55,6,48.89090909090909,54.0,55,0,55,0,0,0,0,4.349504296262932
2018-10-22,factor_residual,55,6,49.96363636363636,54.0,55,0,55,0,0,0,0,4.303557991687877
2019-03-20,raw,53,6,46.81132075471698,52.0,53,0,53,0,0,0,0,4.23468337523235
2019-03-20,demeaned,53,6,47.471698113207545,52.0,53,0,53,0,0,0,0,4.206784420039731
2019-03-20,factor_residual,53,6,48.320754716981135,52.0,53,0,53,0,0,0,0,4.191933114994566
2019-08-16,raw,53,6,46.0188679245283,52.0,53,0,53,0,0,1,0,4.111831162109615
2019-08-16,demeaned,53,6,46.79245283018868,52.0,53,0,53,0,0,0,0,4.158546380304152
2019-08-16,factor_residual,53,6,47.75471698113208,52.0,53,0,53,0,0,0,0,4.188008178991347
2020-01-15,raw,53,6,48.0377358490566,52.0,53,0,53,0,0,0,0,4.181967491786262
2020-01-15,demeaned,53,6,47.81132075471698,52.0,53,0,53,0,0,0,0,4.157808672793129
2020-01-15,factor_residual,53,6,48.18867924528302,52.0,53,0,53,0,0,0,0,4.213812966850724
2020-06-08,raw,57,6,53.05263157894737,56.0,57,0,57,0,0,2,0,4.489399376184177
2020-06-08,demeaned,57,6,52.78947368421053,56.0,57,0,57,0,0,0,0,4.387047723932633
2020-06-08,factor_residual,57,6,53.24561403508772,56.0,57,0,57,0,0,0,0,4.398722673929094
2020-10-27,raw,59,6,53.779661016949156,58.0,59,0,59,0,0,0,0,4.361053906618788
2020-10-27,demeaned,59,6,52.389830508474574,58.0,59,0,59,0,0,0,0,4.285778650075241
2020-10-27,factor_residual,59,6,54.016949152542374,58.0,59,0,59,0,0,0,0,4.398850061816418
2021-03-24,raw,59,6,51.067796610169495,58.0,59,0,59,0,0,1,0,4.32256359107174
2021-03-24,demeaned,59,6,50.067796610169495,58.0,59,0,59,0,0,0,0,4.391777273204232
2021-03-24,factor_residual,59,6,51.96610169491525,58.0,59,0,59,0,0,0,0,4.350058502042153
2021-08-17,raw,59,6,51.28813559322034,58.0,59,0,59,0,0,0,0,4.371709600310642
2021-08-17,demeaned,59,6,51.67796610169491,58.0,59,0,59,0,0,0,0,4.494657228939748
2021-08-17,factor_residual,59,6,53.220338983050844,58.0,59,0,59,0,0,0,0,4.554474322292254
2022-01-11,raw,58,6,49.96551724137931,57.0,58,0,58,0,0,0,0,4.220861970911008
2022-01-11,demeaned,58,6,50.0,57.0,58,0,58,0,0,0,0,4.258418170805144
2022-01-11,factor_residual,58,6,51.94827586206897,57.0,58,0,58,0,0,0,0,4.250093632762696
2022-06-03,raw,59,6,50.32203389830509,58.0,59,0,59,0,0,1,0,4.239183947379281
2022-06-03,demeaned,59,6,51.101694915254235,58.0,59,0,59,0,0,0,0,4.280840039439486
2022-06-03,factor_residual,59,6,53.016949152542374,58.0,59,0,59,0,0,0,0,4.357118924738292
2022-10-25,raw,57,6,47.8421052631579,56.0,57,0,57,0,0,0,0,4.1455782167756325
2022-10-25,demeaned,57,6,47.3859649122807,56.0,57,0,57,0,0,0,0,4.078075232118182
2022-10-25,factor_residual,57,6,49.31578947368421,56.0,57,0,57,0,0,0,0,4.135586278671619
2023-03-20,raw,59,6,49.71186440677966,58.0,59,0,59,0,0,0,0,4.1868723248707695
2023-03-20,demeaned,59,6,49.94915254237288,58.0,59,0,59,0,0,0,0,4.200225155119321
2023-03-20,factor_residual,59,6,51.32203389830509,58.0,59,0,59,0,0,0,0,4.204841702179503
2023-08-14,raw,58,6,48.94827586206897,57.0,58,0,58,0,0,2,0,4.130184701923471
2023-08-14,demeaned,58,6,49.5,57.0,58,0,58,0,0,0,0,4.270436914538096
2023-08-14,factor_residual,58,6,51.60344827586207,57.0,58,0,58,0,0,0,0,4.26114891929762
2024-01-08,raw,58,6,48.43103448275862,57.0,58,0,58,0,0,1,0,4.235011861238535
2024-01-08,demeaned,58,6,49.189655172413794,57.0,58,0,58,0,0,0,0,4.295156667414052
2024-01-08,factor_residual,58,6,51.258620689655174,57.0,58,0,58,0,0,0,0,4.305188232633459
2024-06-03,raw,60,6,51.88333333333333,59.0,60,0,60,0,0,0,0,4.320002292273389
2024-06-03,demeaned,60,6,52.5,59.0,60,0,60,0,0,0,0,4.398671194861422
2024-06-03,factor_residual,60,6,54.55,59.0,60,0,60,0,0,0,0,4.374356411070235
2024-10-22,raw,60,6,52.483333333333334,59.0,60,0,60,0,0,0,0,4.3089601512402105
2024-10-22,demeaned,60,6,52.45,59.0,60,0,60,0,0,0,0,4.462424621627481
2024-10-22,factor_residual,60,6,53.96666666666667,59.0,60,0,60,0,0,0,0,4.481277915580517
2025-03-21,raw,59,6,51.610169491525426,58.0,59,0,59,0,0,1,0,4.33780611756785
2025-03-21,demeaned,59,6,52.16949152542373,58.0,59,0,59,0,0,0,0,4.660191253804098
2025-03-21,factor_residual,59,6,54.25423728813559,58.0,59,0,59,0,0,0,0,4.6752050441874795
2025-08-14,raw,59,6,51.74576271186441,58.0,59,0,59,0,0,1,0,4.3471835310161815
2025-08-14,demeaned,59,6,51.76271186440678,58.0,59,0,59,0,0,0,0,4.430805704631449
2025-08-14,factor_residual,59,6,54.932203389830505,58.0,59,0,59,0,0,0,0,4.4226581748584595
