model,n,p,block,band_coverage,degree_coverage,rank_coverage,marginal_degree_coverage,percentile_degree_coverage,mean_degree_width,top1_candidate_size,top1_certified,true_hub_certified,exact_degree_fraction,bootstrap_max,repetitions,band_coverage_mcse,degree_coverage_mcse,rank_coverage_mcse,marginal_degree_coverage_mcse,percentile_degree_coverage_mcse,true_hub_certified_mcse,band_coverage_wilson_lower,band_coverage_wilson_upper,degree_coverage_wilson_lower,degree_coverage_wilson_upper,rank_coverage_wilson_lower,rank_coverage_wilson_upper,marginal_degree_coverage_wilson_lower,marginal_degree_coverage_wilson_upper,percentile_degree_coverage_wilson_lower,percentile_degree_coverage_wilson_upper,true_hub_certified_wilson_lower,true_hub_certified_wilson_upper
ar_star,126,12,5,0.764,1.0,1.0,1.0,0.796,9.8955,12.0,0.0,0.0,0.0,0.9999492826159492,500,0.0189896814085966,0.0,0.0,0.0,0.0180213207063189,0.0,0.7248556437078593,0.7991187045284411,0.9923756595384479,1.0,0.9923756595384479,1.0,0.9923756595384479,1.0,0.758484663357909,0.8290017270888521,4.336808689942018e-19,0.007624340461552241
ar_star,252,12,6,0.838,1.0,1.0,1.0,1.0,9.390666666666666,12.0,0.0,0.0,0.0,1.0,500,0.0164776211875379,0.0,0.0,0.0,0.0,0.0,0.8031477342378299,0.8676982116101608,0.9923756595384479,1.0,0.9923756595384479,1.0,0.9923756595384479,1.0,0.9923756595384479,1.0,4.336808689942018e-19,0.007624340461552241
ar_star,1008,12,10,0.906,1.0,1.0,1.0,1.0,1.2561666666666669,1.348,0.8,0.8,0.4026666666666667,1.0,500,0.0130509769749241,0.0,0.0,0.0,0.0,0.0178885438199983,0.8772354441374409,0.9285735914077787,0.9923756595384479,1.0,0.9923756595384479,1.0,0.9923756595384479,1.0,0.9923756595384479,1.0,0.7627108946948261,0.8327145010282427
gaussian_star,126,12,1,0.922,1.0,1.0,1.0,0.986,9.9115,12.0,0.0,0.0,0.0,0.9999993326659992,500,0.0119929979571414,0.0,0.0,0.0,0.0052543315464481,0.0,0.8951464501266115,0.9424186065238385,0.9923756595384479,1.0,0.9923756595384479,1.0,0.9923756595384479,1.0,0.9713869308622147,0.9932022102091564,4.336808689942018e-19,0.007624340461552241
gaussian_star,252,12,1,0.94,1.0,1.0,1.0,1.0,9.016166666666669,12.0,0.0,0.0,0.0,1.0,500,0.0106207344378814,0.0,0.0,0.0,0.0,0.0,0.9156389368747802,0.9576516435190539,0.9923756595384479,1.0,0.9923756595384479,1.0,0.9923756595384479,1.0,0.9923756595384479,1.0,4.336808689942018e-19,0.007624340461552241
gaussian_star,1008,12,1,0.952,1.0,1.0,1.0,1.0,0.2468333333333333,1.0,1.0,1.0,0.811,1.0,500,0.0095599163176253,0.0,0.0,0.0,0.0,0.0,0.92957280316411,0.9675347930586469,0.9923756595384479,1.0,0.9923756595384479,1.0,0.9923756595384479,1.0,0.9923756595384479,1.0,0.9923756595384479,1.0
independent,126,12,1,0.912,0.996,1.0,0.14,,9.999666666666666,12.0,0.0,,0.0,0.4423684136517475,500,0.0126693330526906,0.0028227646023003,0.0,0.0155177317930166,,,0.8839235279346099,0.9337940155250711,0.9855342847848231,0.9989023694773173,0.9923756595384479,1.0,0.11232266018786358,0.17316686494445405,,,,
independent,252,12,1,0.932,0.998,1.0,0.158,,9.999833333333331,12.0,0.0,,0.0,0.4499226607559946,500,0.0112584190719656,0.0019979989989987,0.0,0.0163117135825761,,,0.9064790772661258,0.9509334925750932,0.9887592932948532,0.9996468636054407,0.9923756595384479,1.0,0.1286526978644355,0.19256235101126623,,,,
independent,1008,12,1,0.94,0.998,1.0,0.178,,9.999833333333331,12.0,0.0,,0.0,0.4469349349349354,500,0.0106207344378814,0.0019979989989987,0.0,0.0171064899964896,,,0.9156389368747802,0.9576516435190539,0.9887592932948532,0.9996468636054407,0.9923756595384479,1.0,0.14696488670733526,0.21394518854990435,,,,
near_tie,126,12,1,0.918,1.0,1.0,1.0,0.004,9.858166666666666,12.0,0.0,0.0,0.0,0.9627343551343552,500,0.0122699633251285,0.0,0.0,0.0,0.0028227646023003,0.0,0.8906451408426114,0.9389809105315311,0.9923756595384479,1.0,0.9923756595384479,1.0,0.9923756595384479,1.0,0.0010976305226827934,0.014465715215177033,4.336808689942018e-19,0.007624340461552241
near_tie,252,12,1,0.948,1.0,1.0,0.998,0.03,9.4365,12.0,0.0,0.0,0.0,0.9929210591543924,500,0.0099293504319265,0.0,0.0,0.0019979989989987,0.0076288924491042,0.0,0.9248988560621544,0.9642697348842947,0.9923756595384479,1.0,0.9923756595384479,1.0,0.9887592932948532,0.9996468636054407,0.018263213197913384,0.04890366683594573,4.336808689942018e-19,0.007624340461552241
near_tie,1008,12,1,0.95,1.0,1.0,1.0,0.146,5.964,12.0,0.0,0.0,0.0141666666666666,0.999913640913641,500,0.0097467943448089,0.0,0.0,0.0,0.0157913900591429,0.0,0.9272318388284524,0.9659062547561506,0.9923756595384479,1.0,0.9923756595384479,1.0,0.9923756595384479,1.0,0.11774876682646929,0.1796492662203097,4.336808689942018e-19,0.007624340461552241
t5_star,126,12,1,0.834,1.0,1.0,1.0,0.458,9.960333333333336,12.0,0.0,0.0,0.0,0.9975200843700844,500,0.0166399519230074,0.0,0.0,0.0,0.0222816516443462,0.0,0.7988646838026932,0.8640422567689898,0.9923756595384479,1.0,0.9923756595384479,1.0,0.9923756595384479,1.0,0.4148146097748511,0.5018258348239194,4.336808689942018e-19,0.007624340461552241
t5_star,252,12,1,0.86,1.0,1.0,1.0,0.996,9.751,12.0,0.0,0.0,0.0,0.999973973973974,500,0.0155177317930166,0.0,0.0,0.0,0.0028227646023003,0.0,0.826833135055546,0.8876773398121365,0.9923756595384479,1.0,0.9923756595384479,1.0,0.9923756595384479,1.0,0.9855342847848231,0.9989023694773173,4.336808689942018e-19,0.007624340461552241
t5_star,1008,12,1,0.948,1.0,1.0,1.0,1.0,4.636833333333333,10.876,0.004,0.004,0.0305,0.9999969969969972,500,0.0099293504319265,0.0,0.0,0.0,0.0,0.0028227646023003,0.9248988560621544,0.9642697348842947,0.9923756595384479,1.0,0.9923756595384479,1.0,0.9923756595384479,1.0,0.9923756595384479,1.0,0.0010976305226827934,0.014465715215177033
