convention,network,model,mse,test_origins
close,raw,base,0.009995368219411762,73
close,raw,degree,0.010093105415601718,73
close,raw,reliability,0.01014531652469266,73
close,raw,persistence,0.012656531006373813,73
close,raw,ewma,0.012581855181281788,73
close,demeaned,base,0.009995368219411762,73
close,demeaned,degree,0.00998577952880004,73
close,demeaned,reliability,0.01007550622805352,73
close,demeaned,persistence,0.012656531006373813,73
close,demeaned,ewma,0.012581855181281788,73
close,factor_residual,base,0.009995368219411762,73
close,factor_residual,degree,0.009886223918392938,73
close,factor_residual,reliability,0.010103490740170107,73
close,factor_residual,persistence,0.012656531006373813,73
close,factor_residual,ewma,0.012581855181281788,73
intraday,raw,base,0.006061931166623248,73
intraday,raw,degree,0.005851341287019238,73
intraday,raw,reliability,0.0058832341947537585,73
intraday,raw,persistence,0.007764964797833688,73
intraday,raw,ewma,0.006957963706794027,73
intraday,demeaned,base,0.006061931166623248,73
intraday,demeaned,degree,0.0057251355746451476,73
intraday,demeaned,reliability,0.005721078998775297,73
intraday,demeaned,persistence,0.007764964797833688,73
intraday,demeaned,ewma,0.006957963706794027,73
intraday,factor_residual,base,0.006061931166623248,73
intraday,factor_residual,degree,0.00582368337908889,73
intraday,factor_residual,reliability,0.005667304986494542,73
intraday,factor_residual,persistence,0.007764964797833688,73
intraday,factor_residual,ewma,0.006957963706794027,73
