origin_date,label_end_date,snapshot_revision_date,snapshot_members,downloaded_members,eligible_assets,future_complete,origin_retained
2007-03-19,2007-04-18,2007-03-16,60,57,46,True,True
2007-04-18,2007-05-18,2007-03-16,60,57,46,True,True
2007-05-18,2007-06-18,2007-03-16,60,57,48,True,True
2007-06-18,2007-07-16,2007-06-15,60,57,49,True,True
2007-07-16,2007-08-13,2007-06-15,60,57,49,True,True
2007-08-13,2007-09-11,2007-06-15,60,57,49,True,True
2007-09-11,2007-10-09,2007-06-15,60,57,49,True,True
2007-10-09,2007-11-07,2007-09-21,60,57,46,True,True
2007-11-07,2007-12-05,2007-09-21,60,57,48,True,True
2007-12-05,2008-01-09,2007-09-21,60,57,52,True,True
2008-01-09,2008-02-06,2007-12-21,60,57,52,True,True
2008-02-06,2008-03-05,2007-12-21,60,57,52,True,True
2008-03-05,2008-04-04,2007-12-21,60,57,53,False,True
2008-04-04,2008-05-06,2008-03-20,60,58,49,False,True
2008-05-06,2008-06-04,2008-03-20,60,58,46,True,True
2008-06-04,2008-07-02,2008-03-20,60,58,46,True,True
2008-07-02,2008-07-30,2008-06-20,60,58,48,False,True
2008-07-30,2008-08-28,2008-06-20,60,58,48,False,True
2008-08-28,2008-09-25,2008-06-20,60,58,48,True,True
2008-09-25,2008-10-23,2008-09-19,60,59,46,True,True
2008-10-23,2008-11-21,2008-09-19,60,59,47,True,True
2008-11-21,2008-12-19,2008-09-19,60,59,46,True,True
2008-12-19,2009-01-23,2008-09-19,60,59,45,True,True
2009-01-23,2009-02-20,2008-12-19,60,59,46,False,True
2009-02-20,2009-03-20,2008-12-19,60,59,45,False,True
2009-03-20,2009-04-21,2008-12-19,60,59,44,True,True
2009-04-21,2009-05-20,2009-03-20,60,59,45,True,True
2009-05-20,2009-06-18,2009-03-20,60,59,46,True,True
2009-06-18,2009-07-16,2009-03-20,60,59,47,False,True
2009-07-16,2009-08-13,2009-06-19,60,59,48,True,True
2009-08-13,2009-09-10,2009-06-19,60,59,49,True,True
2009-09-10,2009-10-08,2009-06-19,60,59,49,True,True
2009-10-08,2009-11-05,2009-09-18,60,59,46,True,True
2009-11-05,2009-12-04,2009-09-18,60,59,46,True,True
2009-12-04,2010-01-06,2009-09-18,60,59,46,True,True
2010-01-06,2010-02-03,2009-12-18,60,59,46,False,True
2010-02-03,2010-03-03,2009-12-18,60,59,45,True,True
2010-03-03,2010-03-31,2009-12-18,60,59,46,True,True
2010-03-31,2010-04-30,2010-03-19,60,59,47,True,True
2010-04-30,2010-05-31,2010-03-19,60,59,47,True,True
2010-05-31,2010-06-29,2010-03-19,60,59,47,True,True
2010-06-29,2010-07-27,2010-06-18,60,59,46,False,True
2010-07-27,2010-08-24,2010-06-18,60,59,47,True,True
2010-08-24,2010-09-21,2010-06-18,60,59,47,True,True
2010-09-21,2010-10-19,2010-09-17,60,59,46,True,True
2010-10-19,2010-11-18,2010-09-17,60,59,46,True,True
2010-11-18,2010-12-16,2010-09-17,60,59,47,True,True
2010-12-16,2011-01-17,2010-09-17,60,59,47,True,True
2011-01-17,2011-02-14,2010-12-17,60,59,46,True,True
2011-02-14,2011-03-14,2010-12-17,60,59,48,True,True
2011-03-14,2011-04-11,2010-12-17,60,59,48,True,True
2011-04-11,2011-05-12,2011-03-18,60,59,47,False,True
2011-05-12,2011-06-09,2011-03-18,60,59,47,True,True
2011-06-09,2011-07-08,2011-03-18,60,59,46,False,True
2011-07-08,2011-08-05,2011-06-17,60,58,49,False,True
2011-08-05,2011-09-05,2011-06-17,60,58,47,True,True
2011-09-05,2011-10-03,2011-06-17,60,58,47,True,True
2011-10-03,2011-10-31,2011-09-16,60,58,45,True,True
2011-10-31,2011-11-30,2011-09-16,60,58,45,True,True
2011-11-30,2011-12-30,2011-09-16,60,58,46,False,True
2011-12-30,2012-01-30,2011-12-16,60,58,47,False,True
2012-01-30,2012-02-27,2011-12-16,60,58,46,True,True
2012-02-27,2012-03-26,2011-12-16,60,58,46,True,True
2012-03-26,2012-04-25,2012-03-16,60,58,45,True,True
2012-04-25,2012-05-25,2012-03-16,60,58,45,True,True
2012-05-25,2012-06-25,2012-03-16,60,58,45,False,True
2012-06-25,2012-07-23,2012-06-15,60,58,46,True,True
2012-07-23,2012-08-21,2012-06-15,60,58,47,True,True
2012-08-21,2012-09-18,2012-06-15,60,58,44,False,True
2012-09-18,2012-10-16,2012-06-15,60,58,43,True,True
2012-10-16,2012-11-14,2012-09-21,60,58,42,False,True
2012-11-14,2012-12-12,2012-09-21,60,58,42,True,True
2012-12-12,2013-01-16,2012-09-21,60,58,43,False,True
2013-01-16,2013-02-13,2012-12-21,60,58,43,True,True
2013-02-13,2013-03-13,2012-12-21,60,58,44,True,True
2013-03-13,2013-04-12,2012-12-21,60,58,44,True,True
2013-04-12,2013-05-15,2013-03-15,60,58,42,False,True
2013-05-15,2013-06-13,2013-03-15,60,58,41,True,True
2013-06-13,2013-07-11,2013-03-15,60,58,42,True,True
2013-07-11,2013-08-08,2013-06-21,60,58,43,True,True
2013-08-08,2013-09-06,2013-06-21,60,58,43,True,True
2013-09-06,2013-10-04,2013-06-21,60,58,42,True,True
2013-10-04,2013-11-04,2013-09-20,60,58,43,True,True
2013-11-04,2013-12-03,2013-09-20,60,58,44,True,True
2013-12-03,2014-01-08,2013-09-20,60,58,48,True,True
2014-01-08,2014-02-05,2013-12-20,60,58,47,True,True
2014-02-05,2014-03-05,2013-12-20,60,58,47,True,True
2014-03-05,2014-04-02,2013-12-20,60,58,48,True,True
2014-04-02,2014-05-05,2014-03-21,60,59,51,True,True
2014-05-05,2014-06-02,2014-03-21,60,59,51,False,True
2014-06-02,2014-07-01,2014-03-21,60,59,51,True,True
2014-07-01,2014-07-29,2014-06-20,60,59,51,True,True
2014-07-29,2014-08-27,2014-06-20,60,59,51,False,True
2014-08-27,2014-09-24,2014-06-20,60,59,50,True,True
2014-09-24,2014-10-22,2014-09-19,60,59,50,True,True
2014-10-22,2014-11-20,2014-09-19,60,59,50,False,True
2014-11-20,2014-12-18,2014-09-19,60,59,50,True,True
2014-12-18,2015-01-23,2014-09-19,60,59,50,True,True
2015-01-23,2015-02-20,2014-12-19,60,59,50,False,True
2015-02-20,2015-03-20,2014-12-19,60,59,49,True,True
2015-03-20,2015-04-21,2014-12-19,60,59,49,True,True
2015-04-21,2015-05-20,2015-03-20,60,59,51,True,True
2015-05-20,2015-06-18,2015-03-20,60,59,51,True,True
2015-06-18,2015-07-16,2015-03-20,60,59,51,True,True
2015-07-16,2015-08-13,2015-06-19,60,59,52,True,True
2015-08-13,2015-09-10,2015-06-19,60,59,52,True,True
2015-09-10,2015-10-08,2015-06-19,60,59,52,False,True
2015-10-08,2015-11-05,2015-09-18,60,59,53,True,True
2015-11-05,2015-12-04,2015-09-18,60,59,53,True,True
2015-12-04,2016-01-08,2015-09-18,60,59,52,True,True
2016-01-08,2016-02-05,2015-12-18,60,59,53,True,True
2016-02-05,2016-03-04,2015-12-18,60,59,54,True,True
2016-03-04,2016-04-05,2015-12-18,60,59,55,False,True
2016-04-05,2016-05-04,2016-03-18,60,58,51,True,True
2016-05-04,2016-06-02,2016-03-18,60,58,52,True,True
2016-06-02,2016-06-30,2016-03-18,60,58,53,True,True
2016-06-30,2016-07-28,2016-06-17,60,58,53,False,True
2016-07-28,2016-08-26,2016-06-17,60,58,53,True,True
2016-08-26,2016-09-23,2016-06-17,60,58,53,True,True
2016-09-23,2016-10-21,2016-09-16,60,58,53,True,True
2016-10-21,2016-11-22,2016-09-16,60,58,53,True,True
2016-11-22,2016-12-20,2016-09-16,60,58,54,True,True
2016-12-20,2017-01-19,2016-12-16,60,58,54,True,True
2017-01-19,2017-02-16,2016-12-16,60,58,54,True,True
2017-02-16,2017-03-16,2016-12-16,60,58,54,True,True
2017-03-16,2017-04-13,2016-12-16,60,58,55,True,True
2017-04-13,2017-05-17,2017-03-17,60,58,55,True,True
2017-05-17,2017-06-14,2017-03-17,60,58,56,True,True
2017-06-14,2017-07-13,2017-03-17,60,58,56,False,True
2017-07-13,2017-08-10,2017-06-16,60,58,55,False,True
2017-08-10,2017-09-08,2017-06-16,60,58,54,True,True
2017-09-08,2017-10-06,2017-06-16,60,58,54,True,True
2017-10-06,2017-11-06,2017-09-15,60,58,55,False,True
2017-11-06,2017-12-04,2017-09-15,60,58,53,True,True
2017-12-04,2018-01-05,2017-09-15,60,58,53,True,True
2018-01-05,2018-02-02,2017-12-15,60,58,53,False,True
2018-02-02,2018-03-02,2017-12-15,60,58,51,True,True
2018-03-02,2018-04-03,2017-12-15,60,58,51,True,True
2018-04-03,2018-05-02,2018-03-16,60,59,51,True,True
2018-05-02,2018-06-01,2018-03-16,60,59,51,True,True
2018-06-01,2018-06-29,2018-03-16,60,59,52,True,True
2018-06-29,2018-07-27,2018-06-15,60,59,55,True,True
2018-07-27,2018-08-27,2018-06-15,60,59,55,False,True
2018-08-27,2018-09-24,2018-06-15,60,59,56,True,True
2018-09-24,2018-10-22,2018-09-21,60,59,56,True,True
2018-10-22,2018-11-21,2018-09-21,60,59,55,True,True
2018-11-21,2018-12-19,2018-09-21,60,59,55,False,True
2018-12-19,2019-01-23,2018-09-21,60,59,53,True,True
2019-01-23,2019-02-20,2018-12-21,60,60,53,True,True
2019-02-20,2019-03-20,2018-12-21,60,60,52,True,True
2019-03-20,2019-04-17,2019-03-15,60,60,53,False,True
2019-04-17,2019-05-22,2019-03-15,60,60,53,True,True
2019-05-22,2019-06-19,2019-03-15,60,60,52,True,True
2019-06-19,2019-07-18,2019-03-15,60,60,53,False,True
2019-07-18,2019-08-16,2019-06-21,60,60,53,True,True
2019-08-16,2019-09-13,2019-06-21,60,60,53,False,True
2019-09-13,2019-10-11,2019-06-21,60,60,52,True,True
2019-10-11,2019-11-12,2019-09-20,60,60,50,True,True
2019-11-12,2019-12-10,2019-09-20,60,60,51,True,True
2019-12-10,2020-01-15,2019-09-20,60,60,51,True,True
2020-01-15,2020-02-12,2019-12-20,60,60,53,True,True
2020-02-12,2020-03-11,2019-12-20,60,60,55,True,True
2020-03-11,2020-04-08,2019-12-20,60,60,55,True,True
2020-04-08,2020-05-11,2020-03-20,60,60,55,True,True
2020-05-11,2020-06-08,2020-03-20,60,60,56,True,True
2020-06-08,2020-07-07,2020-03-20,60,60,57,True,True
2020-07-07,2020-08-04,2020-06-19,60,60,56,True,True
2020-08-04,2020-09-01,2020-06-19,60,60,57,True,True
2020-09-01,2020-09-29,2020-06-19,60,60,58,True,True
2020-09-29,2020-10-27,2020-09-18,60,60,58,True,True
2020-10-27,2020-11-25,2020-09-18,60,60,59,True,True
2020-11-25,2020-12-23,2020-09-18,60,60,59,False,True
2020-12-23,2021-01-27,2020-12-18,60,60,59,True,True
2021-01-27,2021-02-24,2020-12-18,60,60,59,True,True
2021-02-24,2021-03-24,2020-12-18,60,60,59,True,True
2021-03-24,2021-04-23,2021-03-19,60,60,59,True,True
2021-04-23,2021-05-24,2021-03-19,60,60,59,True,True
2021-05-24,2021-06-22,2021-03-19,60,60,59,True,True
2021-06-22,2021-07-20,2021-06-18,60,60,59,True,True
2021-07-20,2021-08-17,2021-06-18,60,60,59,True,True
2021-08-17,2021-09-14,2021-06-18,60,60,59,True,True
2021-09-14,2021-10-12,2021-06-18,60,60,59,True,True
2021-10-12,2021-11-10,2021-09-17,60,60,58,True,True
2021-11-10,2021-12-09,2021-09-17,60,60,59,True,True
2021-12-09,2022-01-11,2021-09-17,60,60,59,True,True
2022-01-11,2022-02-08,2021-12-17,60,60,58,True,True
2022-02-08,2022-03-08,2021-12-17,60,60,58,True,True
2022-03-08,2022-04-05,2021-12-17,60,60,58,True,True
2022-04-05,2022-05-06,2022-03-18,60,60,58,True,True
2022-05-06,2022-06-03,2022-03-18,60,60,58,True,True
2022-06-03,2022-07-04,2022-03-18,60,60,59,True,True
2022-07-04,2022-08-01,2022-06-17,60,60,58,False,True
2022-08-01,2022-08-30,2022-06-17,60,60,57,True,True
2022-08-30,2022-09-27,2022-06-17,60,60,57,True,True
2022-09-27,2022-10-25,2022-09-16,60,60,57,True,True
2022-10-25,2022-11-24,2022-09-16,60,60,57,False,True
2022-11-24,2022-12-22,2022-09-16,60,60,56,True,True
2022-12-22,2023-01-23,2022-12-16,60,60,59,True,True
2023-01-23,2023-02-20,2022-12-16,60,60,59,True,True
2023-02-20,2023-03-20,2022-12-16,60,60,59,True,True
2023-03-20,2023-04-19,2023-03-17,60,60,59,False,True
2023-04-19,2023-05-19,2023-03-17,60,60,58,True,True
2023-05-19,2023-06-19,2023-03-17,60,60,58,True,True
2023-06-19,2023-07-17,2023-06-16,60,60,58,True,True
2023-07-17,2023-08-14,2023-06-16,60,60,58,True,True
2023-08-14,2023-09-12,2023-06-16,60,60,58,True,True
2023-09-12,2023-10-10,2023-06-16,60,60,58,False,True
2023-10-10,2023-11-08,2023-09-15,60,60,59,False,True
2023-11-08,2023-12-06,2023-09-15,60,60,57,True,True
2023-12-06,2024-01-08,2023-09-15,60,60,57,True,True
2024-01-08,2024-02-05,2023-12-15,60,60,58,True,True
2024-02-05,2024-03-04,2023-12-15,60,60,58,True,True
2024-03-04,2024-04-03,2023-12-15,60,60,58,True,True
2024-04-03,2024-05-02,2024-03-15,60,60,59,True,True
2024-05-02,2024-06-03,2024-03-15,60,60,60,True,True
2024-06-03,2024-07-01,2024-03-15,60,60,60,True,True
2024-07-01,2024-07-29,2024-06-21,60,60,60,True,True
2024-07-29,2024-08-27,2024-06-21,60,60,60,True,True
2024-08-27,2024-09-24,2024-06-21,60,60,60,True,True
2024-09-24,2024-10-22,2024-09-20,60,60,60,True,True
2024-10-22,2024-11-21,2024-09-20,60,60,60,True,True
2024-11-21,2024-12-19,2024-09-20,60,60,60,False,True
2024-12-19,2025-01-24,2024-09-20,60,60,59,True,True
2025-01-24,2025-02-21,2024-12-20,60,60,59,True,True
2025-02-21,2025-03-21,2024-12-20,60,60,59,True,True
2025-03-21,2025-04-22,2024-12-20,60,60,59,True,True
2025-04-22,2025-05-21,2025-03-21,60,60,59,True,True
2025-05-21,2025-06-18,2025-03-21,60,60,59,True,True
2025-06-18,2025-07-17,2025-03-21,60,60,59,True,True
2025-07-17,2025-08-14,2025-06-20,60,60,59,True,True
2025-08-14,2025-09-12,2025-06-20,60,60,59,True,True
