origin_date,label_end_date,future_y,base,degree,reliability,persistence,ewma
2007-03-19,2007-04-18,0.1169063955129297,,,,0.2760528984544671,0.2354390550315046
2007-04-18,2007-05-18,0.2099463812021979,,,,0.114930843004952,0.1480400954042481
2007-05-18,2007-06-18,0.2008285012554008,,,,0.2074847768726754,0.1902264286970841
2007-06-18,2007-07-16,0.1428888738041842,,,,0.2043605922884205,0.1945713586667621
2007-07-16,2007-08-13,0.3125464239728134,,,,0.1428888738041842,0.1784534542041321
2007-08-13,2007-09-11,0.4669266522732709,,,,0.3125464239728134,0.3211129501174348
2007-09-11,2007-10-09,0.2618598220410791,,,,0.4669266522732709,0.395492269650138
2007-10-09,2007-11-07,0.2967512198407362,,,,0.272002538646315,0.3279748509876611
2007-11-07,2007-12-05,0.2719545274871555,,,,0.2765375924577371,0.3033006425298861
2007-12-05,2008-01-09,0.3108766177825274,,,,0.290573316592619,0.2505159577421419
2008-01-09,2008-02-06,0.5307983821539707,,,,0.3160737239275553,0.2916989417549976
2008-02-06,2008-03-05,0.3125185616410482,,,,0.5307983821539707,0.4604604754050784
2008-03-05,2008-04-04,,,,,0.3042927590000534,0.3529190596584001
2008-04-04,2008-05-06,,,,,0.2915307220198628,0.2922917279207199
2008-05-06,2008-06-04,0.1467955363559304,,,,0.2379064023529678,0.2569911644700539
2008-06-04,2008-07-02,0.1816112845643382,,,,0.1467955363559304,0.1710855926494697
2008-07-02,2008-07-30,,,,,0.1795240986238827,0.163435346624132
2008-07-30,2008-08-28,,,,,0.3430195580150919,0.3183300792112582
2008-08-28,2008-09-25,0.441753374547424,,,,0.2086031280650535,0.2561328775036808
2008-09-25,2008-10-23,0.5640419694908524,,,,0.4590779423419719,0.4176428831613872
2008-10-23,2008-11-21,0.4629351746283394,,,,0.5666967510189155,0.5638653033158371
2008-11-21,2008-12-19,0.4115458500177787,,,,0.4639331044000855,0.4843969815066541
2008-12-19,2009-01-23,0.3640019184683897,,,,0.4178895219256889,0.4303697461321859
2009-01-23,2009-02-20,,,,,0.3428150605952194,0.3494972452326245
2009-02-20,2009-03-20,,,,,0.4275687110147071,0.408038787727702
2009-03-20,2009-04-21,0.3833428549579534,,,,0.1771625565009545,0.2773837347447637
2009-04-21,2009-05-20,0.3465698202310582,,,,0.3879348203886546,0.3480213105893285
2009-05-20,2009-06-18,0.3179982637782087,,,,0.3473789014625675,0.3268859145020922
2009-06-18,2009-07-16,,,,,0.3162802688232985,0.3028063867374287
2009-07-16,2009-08-13,0.2002008380275677,,,,0.3780887280516448,0.3314474974050424
2009-08-13,2009-09-10,0.4395473483533557,,,,0.1967823540349011,0.2259207215560525
2009-09-10,2009-10-08,0.3134153755175297,,,,0.4395473483533557,0.3830015218919717
2009-10-08,2009-11-05,0.2501753142407753,,,,0.3261446415760656,0.3388607974448004
2009-11-05,2009-12-04,0.2540159468214892,,,,0.2501753142407753,0.2820919904561452
2009-12-04,2010-01-06,0.1343886671509,,,,0.261046332871179,0.2514020124534191
2010-01-06,2010-02-03,,,,,0.1552711456848996,0.1867143230478194
2010-02-03,2010-03-03,0.4024808404370971,,,,0.1634402912761119,0.1743361497052759
2010-03-03,2010-03-31,0.1590013260348734,,,,0.3999229015516765,0.3189083665855386
2010-03-31,2010-04-30,0.4029753588614942,,,,0.1562840040299653,0.1928587470186108
2010-04-30,2010-05-31,0.555716052625597,,,,0.4029753588614942,0.3358348731023103
2010-05-31,2010-06-29,0.2336935678410067,,,,0.555716052625597,0.483845754287907
2010-06-29,2010-07-27,,,,,0.2263624948647801,0.3535280665958728
2010-07-27,2010-08-24,0.2564256446973852,,,,0.181536715194151,0.2658404807237604
2010-08-24,2010-09-21,0.0962000143901127,,,,0.2564256446973852,0.2713238807157647
2010-09-21,2010-10-19,0.1299294282977633,,,,0.0992553580447814,0.148135491909663
2010-10-19,2010-11-18,0.1160836213061533,,,,0.1299294282977633,0.136694461443956
2010-11-18,2010-12-16,0.1210161538681839,,,,0.1155480219181375,0.1185233454697391
2010-12-16,2011-01-17,0.1339089175006163,,,,0.1210161538681839,0.1150960267154563
2011-01-17,2011-02-14,0.1597336762153213,,,,0.1498737462555835,0.1385892738380783
2011-02-14,2011-03-14,0.1481866632877746,,,,0.164541849508905,0.1449924447613738
2011-03-14,2011-04-11,0.1384972155178056,,,,0.1439279771781463,0.130826870786984
2011-04-11,2011-05-12,,,,,0.1429591640834694,0.1326752541221581
2011-05-12,2011-06-09,0.1460955149919806,,,,0.1372603799959539,0.1417308711887882
2011-06-09,2011-07-08,,,,,0.1450968543735285,0.1366179227959358
2011-07-08,2011-08-05,,,,,0.2004762405793733,0.1901063063389841
2011-08-05,2011-09-05,0.5055475151768797,,,,0.4417655320920838,0.445449560337715
2011-09-05,2011-10-03,0.4102846861222359,,,,0.5055475151768797,0.4804648504397517
2011-10-03,2011-10-31,0.4355448971694288,,,,0.4383719217989515,0.4281703099594969
2011-10-31,2011-11-30,0.3005635567091709,,,,0.4355448971694288,0.43410356550968
2011-11-30,2011-12-30,,,,,0.305418726121261,0.3562727001978913
2011-12-30,2012-01-30,,,,,0.170818232523635,0.2459551618471136
2012-01-30,2012-02-27,0.1596286820469508,,,,0.1580361333272685,0.1756428094969002
2012-02-27,2012-03-26,0.2815886739848116,,,,0.1596286820469508,0.1606451671811991
2012-03-26,2012-04-25,0.351798614912478,,,,0.2649460871357537,0.2510229948219574
2012-04-25,2012-05-25,0.2688581110398575,,,,0.351798614912478,0.3247025270998896
2012-05-25,2012-06-25,,,,,0.2688581110398575,0.288526085298169
2012-06-25,2012-07-23,0.2002914572828872,,,,0.2272828297920615,0.235308660661754
2012-07-23,2012-08-21,0.1071158429485008,,,,0.1991105957573081,0.2064948450037524
2012-08-21,2012-09-18,,,,,0.1221629617235515,0.1750641469376309
2012-09-18,2012-10-16,0.1451331216245198,,,,0.148798578456302,0.1680296973921144
2012-10-16,2012-11-14,,,,,0.1524301349932995,0.1630274866366706
2012-11-14,2012-12-12,0.0899874502977022,,,,0.1027533664905898,0.1139027193949371
2012-12-12,2013-01-16,,,,,0.0845231615481566,0.1077374288694663
2013-01-16,2013-02-13,0.0920893227687625,,,,0.1177622889620518,0.1093497070019374
2013-02-13,2013-03-13,0.0831272888308312,,,,0.0852269441790232,0.0906566046852723
2013-03-13,2013-04-12,0.1799631199444005,,,,0.0831272888308312,0.0850021407432334
2013-04-12,2013-05-15,,,,,0.1957044189787243,0.1588284850221629
2013-05-15,2013-06-13,0.2017921874381348,,,,0.1813356047368534,0.160514857814557
2013-06-13,2013-07-11,0.2852150815045721,,,,0.197058075518159,0.1793180739385824
2013-07-11,2013-08-08,0.1568420601151804,0.24370350980226602,0.24816411429808755,0.24781600343476773,0.2879091575769346,0.2521546329772987
2013-08-08,2013-09-06,0.2749284482225568,0.16978512099625617,0.16991618918769016,0.16923114779052778,0.1568420601151804,0.2082720366528581
2013-09-06,2013-10-04,0.2972566573581461,0.22949794351013872,0.22866314008249516,0.2260185230770741,0.2794150204468102,0.3021349909496558
2013-10-04,2013-11-04,0.2292715206979773,0.24094674720058956,0.2409574758411655,0.22976428476321126,0.3033386436919023,0.2993729784502038
2013-11-04,2013-12-03,0.2572895990859984,0.22289810322933376,0.22176367456467996,0.2258150971120791,0.2315493402067776,0.249961696369588
2013-12-03,2014-01-08,0.2516641143223551,0.256505012420733,0.25616617066154845,0.24930971967289467,0.2562688096974618,0.2455254850043529
2014-01-08,2014-02-05,0.1952714533224397,0.24808694856593977,0.24784213939981817,0.24599517333466073,0.2620488090246489,0.26761218196543
2014-02-05,2014-03-05,0.5080875854185254,0.2275013247668622,0.22584870609921398,0.22478075239860015,0.1952714533224397,0.2131251465978549
2014-03-05,2014-04-02,0.335918776359892,0.35564682606394205,0.3555153003344367,0.34016141716983544,0.5005768012355063,0.4981937075803003
2014-04-02,2014-05-05,0.1814838318174034,0.3089910420029894,0.30858762854973515,0.3038375672653559,0.3388578860621057,0.3586965166416228
2014-05-05,2014-06-02,,0.24187248443504297,0.23993210472067464,0.23622654190537415,0.1814838318174034,0.2603629324871743
2014-06-02,2014-07-01,0.1563539045967776,0.23227725313395287,0.2261124746962538,0.212834971059463,0.151120297849491,0.1767311686304014
2014-07-01,2014-07-29,0.1237504016724614,0.2217450259818658,0.2260610830577253,0.23496499298545084,0.1563539045967775,0.166847540757113
2014-07-29,2014-08-27,,0.20202568236469298,0.1937188383173144,0.19126252079051287,0.1237504016724614,0.1358305561495476
2014-08-27,2014-09-24,0.2431167147607862,0.2500176158578347,0.2596994624175626,0.2517320077224747,0.2620029043267857,0.1968576242467188
2014-09-24,2014-10-22,0.2063842210196866,0.24576391684459387,0.24929027654411356,0.23316394600776266,0.2431167147607862,0.2095233635344211
2014-10-22,2014-11-20,,0.22586547106287186,0.2288335570021549,0.2232257958406408,0.2063842210196866,0.2159062251385657
2014-11-20,2014-12-18,0.1876821483513217,0.16752087294182894,0.16884404183729768,0.15664379274461943,0.0438896667738907,0.0897971437708978
2014-12-18,2015-01-23,0.2548632700956396,0.22277253670946562,0.2256410238418722,0.22479149149354885,0.1821556979185568,0.182891114180421
2015-01-23,2015-02-20,,0.25729831591959296,0.25393355438398835,0.2497426052126398,0.2568127841863282,0.2384826522605749
2015-02-20,2015-03-20,0.1062787546215608,0.17166009500148674,0.17193406097195402,0.17446907585303267,0.0652370449162326,0.1357621098239871
2015-03-20,2015-04-21,0.1445554681228485,0.19049145992374844,0.18924920065085876,0.17898496944383935,0.1062787546215608,0.1172259091371548
2015-04-21,2015-05-20,0.0480357510065357,0.20204756733201124,0.19513149491620638,0.19703151003825617,0.1338872225284664,0.1277776990718513
2015-05-20,2015-06-18,0.1188830268994676,0.15519363259777968,0.1415151554328315,0.13834145964031064,0.0480357510065357,0.0708851116620781
2015-06-18,2015-07-16,0.2900301025743154,0.18220307384259843,0.17981243729772278,0.18252753557817725,0.1188830268994676,0.1133314211101617
2015-07-16,2015-08-13,0.1839965307767822,0.25702207279014844,0.26186699291356114,0.2683203752332733,0.2958787332481695,0.2437154895807276
2015-08-13,2015-09-10,0.4152568187195518,0.21893980458082446,0.20811443109579686,0.20592878598429162,0.1839965307767822,0.1908892040338376
2015-09-10,2015-10-08,,0.3267781359544339,0.3207647634640681,0.3240774909595742,0.4168339272398393,0.3348883179641689
2015-10-08,2015-11-05,0.1409081640350089,0.22882783923751135,0.22239042082993504,0.23844217720061237,0.1673052202259309,0.2184189318052204
2015-11-05,2015-12-04,0.1515612913394758,0.20342637138550473,0.20260863494047135,0.21356238368196734,0.1409081640350089,0.1663386534546773
2015-12-04,2016-01-08,0.260556143538977,0.21089994657187244,0.20501164597212201,0.21432064889659386,0.1539199971132891,0.1601142742426332
2016-01-08,2016-02-05,0.2443911595113476,0.26568884829513756,0.25967687746164136,0.27323032386200263,0.2632630787695886,0.2417053522661939
2016-02-05,2016-03-04,0.1877752899968179,0.2638373166435609,0.2673349618641626,0.26910460547590836,0.2409146931249419,0.2176812544229771
2016-03-04,2016-04-05,,0.2311830277905759,0.22937339242295982,0.22987881750397915,0.1841192967657529,0.1790001518264426
2016-04-05,2016-05-04,0.1479326258668779,0.2009071696948592,0.205600446288438,0.21202337399355264,0.110477882375697,0.1482470260474106
2016-05-04,2016-06-02,0.1938367648824332,0.20180742598363427,0.19817959101271004,0.1915223002198043,0.1474017479089099,0.1351812694956995
2016-06-02,2016-06-30,0.4046645034463206,0.22796176620678915,0.2280324154747754,0.22895602020570416,0.1950403780525649,0.2078070844391437
2016-06-30,2016-07-28,,0.3232086709263227,0.3200175317423818,0.31470703138527323,0.4136109189706152,0.3653735395566804
2016-07-28,2016-08-26,0.1079674791354126,0.21319431434721556,0.21217068136744502,0.21625131012814658,0.1405346118559289,0.2188548803911751
2016-08-26,2016-09-23,0.1805647553183463,0.19559646160415686,0.1942731663337192,0.1972703869017724,0.1079674791354126,0.1331937858596064
2016-09-23,2016-10-21,0.0604810855492506,0.21878702613835094,0.21556854755390406,0.22244712482809337,0.1747503058659583,0.1425886606469564
2016-10-21,2016-11-22,0.215864629866522,0.16677792780392617,0.16299982414185532,0.16610775203196582,0.0548361823235582,0.0823414086732161
2016-11-22,2016-12-20,0.1583652545270066,0.23172512982625573,0.22865140876834386,0.2303584162411576,0.2120432739896765,0.1763494902280575
2016-12-20,2017-01-19,0.0865649444461604,0.20871083773386784,0.21037209852927174,0.21482226948967134,0.1598484208045948,0.1657321900777348
2017-01-19,2017-02-16,0.1849422771079453,0.162379874386373,0.15715787431212952,0.1592388087798661,0.0865649444461604,0.112977469779838
2017-02-16,2017-03-16,0.2484694830952256,0.20917488121355415,0.21426993102404077,0.216414467322125,0.1849422771079453,0.1627520228610654
2017-03-16,2017-04-13,0.1288073181253081,0.2365027687725996,0.24036980381035236,0.23543515992025243,0.2437116243588727,0.2141904495594815
2017-04-13,2017-05-17,0.1408106371098658,0.18426068805942813,0.18251622271382373,0.1707938654008085,0.1306192850737073,0.156733447318953
2017-05-17,2017-06-14,0.1536912606683596,0.18758984760181607,0.1919582394383863,0.18544112185517417,0.1392422571297229,0.1401345201305451
2017-06-14,2017-07-13,,0.18782138775226062,0.19118374756880158,0.18995793579164022,0.1536912606683596,0.138852431779492
2017-07-13,2017-08-10,,0.1756586825408045,0.17634141688858268,0.17645922363090674,0.133252133542878,0.1368250739098289
2017-08-10,2017-09-08,0.0906478271096747,0.1566372067316631,0.15694010780796092,0.16263613743933653,0.0859645922219302,0.0998834346422296
2017-09-08,2017-10-06,0.0405166384842496,0.16282574784242645,0.16164711828564216,0.1650235867478078,0.0906478271096747,0.0901992938291343
2017-10-06,2017-11-06,,0.13072589658909478,0.12666983872851156,0.12916914853919137,0.0424463214030761,0.0528511504317434
2017-11-06,2017-12-04,0.1317101346747296,0.1725805941641203,0.16820187670990222,0.17350205684584816,0.145469527906767,0.1159135244667996
2017-12-04,2018-01-05,0.0850582799064175,0.1706544774529582,0.16833742785557848,0.17283173756997347,0.1317101346747296,0.116936872156037
2018-01-05,2018-02-02,,0.14827577874006787,0.14607627219222127,0.14707427869924006,0.0834799168104078,0.1043303489858199
2018-02-02,2018-03-02,0.2147196846003853,0.16228137473125415,0.16007139088738578,0.16444393343703867,0.1181383232427514,0.1227634271358819
2018-03-02,2018-04-03,0.1750036828848588,0.20851737721299138,0.20399435211139708,0.20808588473384965,0.2147196846003853,0.1627638348454445
2018-04-03,2018-05-02,0.074509709311931,0.1935931720893572,0.19147345297169283,0.18946289908360256,0.1804080153701866,0.1759153231092566
2018-05-02,2018-06-01,0.1499133103601311,0.14343907899942585,0.14162431073926457,0.1411776534184689,0.0753934569829467,0.1096562940631214
2018-06-01,2018-06-29,0.1579077640166329,0.18457768104869154,0.180966706929243,0.18304446263543056,0.1486969195430217,0.1203100761748128
2018-06-29,2018-07-27,0.0936425428222507,0.1700416881239112,0.16752574853609076,0.16412886075850358,0.1481707873500883,0.1389015829959701
2018-07-27,2018-08-27,,0.14232781350504048,0.15021070092359412,0.15336411174325942,0.0936425428222507,0.111207743285046
2018-08-27,2018-09-24,0.1732566130176514,0.17435285910609877,0.18031548383887375,0.18002701517103567,0.1667771474960882,0.1489782394874338
2018-09-24,2018-10-22,0.1450421463921652,0.17354493838027413,0.17384063126238938,0.16542377872360312,0.1761106210672273,0.1682045524421734
2018-10-22,2018-11-21,0.1914879605972185,0.16826111373310795,0.17293482014108882,0.17009919279833166,0.1516411251628462,0.1452690839514152
2018-11-21,2018-12-19,,0.19453783330777746,0.1968401120104076,0.19592833091864825,0.1914879605972185,0.1814218025566848
2018-12-19,2019-01-23,0.2195087994565202,0.20061055730808994,0.19531037694561199,0.18852025808816286,0.2028453866839661,0.1978030754768136
2019-01-23,2019-02-20,0.1482007383924027,0.206098358972041,0.20863496714428748,0.20959524390973772,0.2239492655564069,0.1946456069976849
2019-02-20,2019-03-20,0.0700851936159648,0.17267534263023696,0.16426866061224027,0.1625281660540174,0.1491673011883552,0.1655057455977593
2019-03-20,2019-04-17,,0.139611066751138,0.13105397635065952,0.13216896233858186,0.0852381975298026,0.1058006602928361
2019-04-17,2019-05-22,0.156968578659065,0.16685379132341172,0.15795516106515367,0.15705392719253694,0.148835039764083,0.1229439227458085
2019-05-22,2019-06-19,0.1462502718880863,0.17822247072797942,0.1839344853764297,0.19123566199216863,0.1635711461179683,0.1557002358033175
2019-06-19,2019-07-18,,0.16557852258171335,0.16037570489544692,0.16346931331602538,0.1421459447258191,0.1395918772658803
2019-07-18,2019-08-16,0.2460918692161581,0.13984290055512485,0.1316446234684409,0.12459346042304477,0.094216674267341,0.1040102275199425
2019-08-16,2019-09-13,,0.20972310441631842,0.21222044735199508,0.21351669649165955,0.2460918692161581,0.2289029372994688
2019-09-13,2019-10-11,0.1998423652412549,0.17736548349917505,0.17744667584335302,0.17747007038979434,0.1457115358936468,0.1671933997586558
2019-10-11,2019-11-12,0.1051873772167088,0.20464865580776603,0.21193963396998233,0.20911508450149105,0.2165426587747104,0.200560919364465
2019-11-12,2019-12-10,0.0743578891087517,0.16209187007283304,0.16888414248348183,0.1759601639032216,0.1011727695344583,0.1341049959538078
2019-12-10,2020-01-15,0.134110538117973,0.13818335745872404,0.1353524452650236,0.13156127248233002,0.0743578891087517,0.0854130500476098
2020-01-15,2020-02-12,0.1452902777061052,0.15892571486021081,0.1636019488478073,0.1674604124899271,0.1291730543841268,0.1271647327040021
2020-02-12,2020-03-11,0.5796211380518831,0.1587374798499493,0.1613729435382225,0.16218728056134424,0.1479712033039462,0.1305635287646815
2020-03-11,2020-04-08,0.4725979056093634,0.38467784961025814,0.38945815772127423,0.388138610179303,0.5796211380518831,0.5812522632468202
2020-04-08,2020-05-11,0.3394698212697693,0.42893672985349923,0.4323287386753602,0.42979597154997773,0.4738488228196346,0.4404878110646229
2020-05-11,2020-06-08,0.181131672939546,0.30578080601071234,0.30557315600791934,0.30539664491765994,0.3467036566651288,0.3648126148993826
2020-06-08,2020-07-07,0.2543747791108271,0.22224328477061747,0.224476252228697,0.22135606190709556,0.1804436748199632,0.2474143751209643
2020-07-07,2020-08-04,0.2403140827652148,0.25548306236147295,0.25826424939059134,0.25211050895887116,0.255492431552943,0.2422503261772661
2020-08-04,2020-09-01,0.1307745226792674,0.2444878156021982,0.2536896367695948,0.24902993935029621,0.2369083184296695,0.2521743634985607
2020-09-01,2020-09-29,0.2183177659971455,0.18236612428533286,0.1814615762482739,0.1715716198816962,0.1313442612440214,0.1766089880105429
2020-09-29,2020-10-27,0.1573101026864443,0.2302186726537991,0.23345171687936925,0.22902410708012602,0.2171028591347554,0.1930193677430473
2020-10-27,2020-11-25,0.3505497071444948,0.19128651180838524,0.19874061673495377,0.19744025150297567,0.1583600217382768,0.1629867141683423
2020-11-25,2020-12-23,,0.2973705920741945,0.3030148505979449,0.3015813240561095,0.3505497071444948,0.2714912602084067
2020-12-23,2021-01-27,0.2633700041225553,0.23133675911888743,0.22934338263281176,0.22744071823239487,0.2040971000446841,0.2277836766080178
2021-01-27,2021-02-24,0.183926980389185,0.2587508825555466,0.2644209222422716,0.2649495373400046,0.2633700041225553,0.248245511274272
2021-02-24,2021-03-24,0.131192094444813,0.21957606515355746,0.22488289648824653,0.2227706121849224,0.183926980389185,0.2127116446390586
2021-03-24,2021-04-23,0.2163132348700326,0.16748301289165132,0.16301559439632896,0.16633570234929834,0.1177065603242328,0.1404687334626517
2021-04-23,2021-05-24,0.0992428849464527,0.202378672856522,0.19349751631574175,0.19560712922104642,0.2163132348700326,0.1632802210624603
2021-05-24,2021-06-22,0.0952357620519925,0.1535158406791464,0.154328833577785,0.15769759889960427,0.0992428849464527,0.1075108932640426
2021-06-22,2021-07-20,0.2119836653961196,0.13919825766857405,0.14735605151540782,0.15064718508474217,0.0856969221314823,0.0861610305485368
2021-07-20,2021-08-17,0.0889302915607544,0.19774140401954476,0.2001055897639537,0.19995776883284277,0.2119836653961196,0.1835008015474709
2021-08-17,2021-09-14,0.1128603110220154,0.13549737347971963,0.14078631910973569,0.14664513540925694,0.0889302915607544,0.1134773567215383
2021-09-14,2021-10-12,0.189317300051506,0.14643758211431207,0.14875087408554905,0.1535168994542613,0.1128603110220154,0.1103322076143375
2021-10-12,2021-11-10,0.0785158253801584,0.18442950487647,0.18294145460119388,0.18493330065160307,0.188551736249829,0.14393696074751
2021-11-10,2021-12-09,0.1068991148245693,0.13032503757508118,0.13571188833298142,0.14058804058917865,0.0798578923539514,0.114810827649629
2021-12-09,2022-01-11,0.1750151036424334,0.14704417851236873,0.15219455331992615,0.1524796487894292,0.1068991148245693,0.1127519720053779
2022-01-11,2022-02-08,0.3491056179897145,0.16999365279978773,0.17874060833586738,0.17560656917719103,0.1793285568573255,0.1448890691311062
2022-02-08,2022-03-08,0.5571656922764143,0.25147697016908455,0.2645982765545289,0.26593330153274375,0.3491056179897145,0.2719568324186646
2022-03-08,2022-04-05,0.1592829459216786,0.39931536666456446,0.38577618718216433,0.3931243296180444,0.5571656922764143,0.4905279406388658
2022-04-05,2022-05-06,0.0900765939426155,0.19108578518431613,0.18537313927000248,0.18766534247423894,0.1574336460050676,0.3036241577589556
2022-05-06,2022-06-03,0.2340190334459761,0.1572859764966219,0.13996165430436114,0.14122155270609577,0.0900765939426155,0.1867313067876295
2022-06-03,2022-07-04,0.2769761208654452,0.21970151710112196,0.19947693057973845,0.19988526495884285,0.2334443594263868,0.2012696752569099
2022-07-04,2022-08-01,,0.24179219141185404,0.2254613150280134,0.22573597953495628,0.2762124043466092,0.2404222502677176
2022-08-01,2022-08-30,0.226633593623875,0.24165580834914446,0.23414977324396755,0.2334586643993515,0.2638462540620016,0.2508868617436361
2022-08-30,2022-09-27,0.3551781450245485,0.22527498099648832,0.2076464944779244,0.20962058837352318,0.226633593623875,0.2467570503641856
2022-09-27,2022-10-25,0.2934890578312303,0.2788768545315875,0.26771494686161695,0.2706703317862791,0.3391471410222621,0.3089256132149274
2022-10-25,2022-11-24,,0.2611917922372777,0.25089957083066516,0.25079160442219806,0.2934890578312303,0.2653186594893796
2022-11-24,2022-12-22,0.1413867690666214,0.2187238538391976,0.2123142207082963,0.21523052471265824,0.184655355215082,0.2132702743843214
2022-12-22,2023-01-23,0.173690649912936,0.1844245279601489,0.1907896723603635,0.19125579657628378,0.1276007436668991,0.1655316466925317
2023-01-23,2023-02-20,0.2677288679144923,0.20372642255958046,0.2052020594751418,0.20516751210420167,0.173690649912936,0.1597257324364292
2023-02-20,2023-03-20,0.2969767152998966,0.24339709312367105,0.24281713535685556,0.24351518167487513,0.2677288679144923,0.2068536650713453
2023-03-20,2023-04-19,,0.2536976965544496,0.24793705799023963,0.24596943855287534,0.3109163565157792,0.2745124196804971
2023-04-19,2023-05-19,0.1738990433874454,0.19176007197504777,0.18666368662876662,0.18707673369398756,0.1601640871371915,0.1880147951992513
2023-05-19,2023-06-19,0.2786341076396607,0.19592717305681911,0.18230161255926117,0.1811906849448196,0.1738990433874454,0.1633715063814367
2023-06-19,2023-07-17,0.1508949417883301,0.23772522232420076,0.24437595985820185,0.24673661627905005,0.2682994608314465,0.2188175948913358
2023-07-17,2023-08-14,0.1324795497784043,0.1842224170337547,0.18005639654687988,0.17907221817771746,0.1508949417883301,0.1625684877650318
2023-08-14,2023-09-12,0.1241295872724217,0.17440844004062833,0.17401103176402688,0.17277743526488015,0.1324795497784043,0.1516036713995119
2023-09-12,2023-10-10,,0.16748622601403806,0.16711956019990346,0.16646688213408262,0.1241295872724217,0.1306241145727988
2023-10-10,2023-11-08,,0.20016771987169732,0.20751533040655254,0.2062846056829858,0.2111205531478419,0.2088890962142019
2023-11-08,2023-12-06,0.207383691264634,0.1979877599815304,0.19215374100105825,0.19291434428943005,0.1967046217091834,0.1893078070180568
2023-12-06,2024-01-08,0.1097179943502032,0.20225745352640914,0.20378387025316855,0.20580664509328786,0.207383691264634,0.1745922304831061
2024-01-08,2024-02-05,0.2077766273297541,0.15411389303971243,0.1606409182569245,0.16255155890814382,0.105796408648972,0.1295315368798446
2024-02-05,2024-03-04,0.1983794892585681,0.19810312491619506,0.19627063532300046,0.1974453462222176,0.2077766273297541,0.1738100450986621
2024-03-04,2024-04-03,0.1148746546741392,0.19387840123932676,0.1922106586364888,0.1932292269856766,0.1983794892585681,0.182432133291784
2024-04-03,2024-05-02,0.1939769226198191,0.16161994570684945,0.16999960460870409,0.16783435089955295,0.1311927545453452,0.1433804380737632
2024-05-02,2024-06-03,0.1552274667564931,0.1871424361046427,0.19921444910218858,0.1998555864870346,0.1944806778582759,0.1711457735965243
2024-06-03,2024-07-01,0.2158195579462964,0.16919039837431504,0.1697131950584599,0.16887943267391642,0.1552274667564931,0.1529786672244961
2024-07-01,2024-07-29,0.2056244929115268,0.18938042439736588,0.1859046936689983,0.18639028843966965,0.20166868959412,0.1655663577778463
2024-07-29,2024-08-27,0.3217434332515557,0.19212622529183346,0.1961949042340461,0.19616389611240384,0.2056244929115268,0.1820279249474556
2024-08-27,2024-09-24,0.2325847477754974,0.24662301346572876,0.2577591234911517,0.2578089030461532,0.3217434332515557,0.2471226487475687
2024-09-24,2024-10-22,0.1780363408201063,0.1989875525214786,0.19993599301464107,0.2004601727706617,0.2090632471174194,0.1986506737062014
2024-10-22,2024-11-21,0.1847876198704335,0.1833876790204445,0.19150613606105396,0.19141246236984574,0.1780363408201063,0.1955184171892235
2024-11-21,2024-12-19,,0.18679620660471288,0.1916060678238545,0.19120886560863581,0.1847876198704335,0.1993459780325372
2024-12-19,2025-01-24,0.1671618328423564,0.1784635419593802,0.1741702744382471,0.17386027691658032,0.1606935848421258,0.1759132954945058
2025-01-24,2025-02-21,0.1941442149879209,0.18364774406837736,0.1826706113321343,0.18247001155318918,0.1735089617874381,0.1700945476245801
2025-02-21,2025-03-21,0.3592289616483736,0.19292442522648007,0.18849492171267201,0.18807805632635446,0.1941442149879209,0.1792212950307555
2025-03-21,2025-04-22,0.4509135451655744,0.2679607593279437,0.26595734145399363,0.26611222250349237,0.3592289616483736,0.279884149801163
2025-04-22,2025-05-21,0.214672711016819,0.31545809219781706,0.3182714175403365,0.3177216073110987,0.4450996046234818,0.4016247283120477
2025-05-21,2025-06-18,0.2008711578971031,0.21176338777840203,0.21877417223311607,0.21791643274468894,0.214672711016819,0.2713982571572611
2025-06-18,2025-07-17,0.1558424171190315,0.20590377881362992,0.21277827731748677,0.2121949231472174,0.2008711578971031,0.2137984405292155
2025-07-17,2025-08-14,0.2080226381699041,0.19039476308838754,0.19107500645236605,0.18974649083237996,0.1649959226885393,0.1653820978028991
2025-08-14,2025-09-12,0.2338926385900625,0.20868803826410848,0.20882011623199312,0.2078095032255198,0.2080226381699041,0.1880984043924876
