origin_date,max_to_min_log_return_sd
2007-03-19,10.209800310331909
2007-04-18,5.444199070780326
2007-05-18,5.582513421303933
2007-06-18,5.536597558543236
2007-07-16,5.4614973637805555
2007-08-13,5.051481653731492
2007-09-11,4.7919403293835
2007-10-09,2.8788171871341093
2007-11-07,3.0388006497871483
2007-12-05,7.137774389755791
2008-01-09,7.052068493068744
2008-02-06,6.438600871601962
2008-03-05,6.682727881548724
2008-04-04,6.773325398285229
2008-05-06,6.899356627948751
2008-06-04,6.906200358824305
2008-07-02,7.067719524802462
2008-07-30,6.974311273894579
2008-08-28,7.053753421851047
2008-09-25,7.005484650096883
2008-10-23,6.677562864831497
2008-11-21,6.50321982836156
2008-12-19,2.6347125554150383
2009-01-23,2.8253361764664287
2009-02-20,2.9024643044090586
2009-03-20,2.8676384625362945
2009-04-21,2.9610385185651027
2009-05-20,2.9149952529336884
2009-06-18,2.816514147962648
2009-07-16,2.9704701154151456
2009-08-13,3.0719826032797015
2009-09-10,2.990567683916802
2009-10-08,2.927135372682206
2009-11-05,2.9331162199309104
2009-12-04,2.699645051869757
2010-01-06,2.8546302609815584
2010-02-03,2.810789221556861
2010-03-03,2.771709829075958
2010-03-31,5.8457346631709255
2010-04-30,5.866021663364637
2010-05-31,5.8443988558053395
2010-06-29,5.741497825931623
2010-07-27,5.690608406161319
2010-08-24,5.898873274210245
2010-09-21,6.2929980808639465
2010-10-19,7.431932585718893
2010-11-18,7.721931807426041
2010-12-16,7.752425045735042
2011-01-17,5.057651214029157
2011-02-14,5.247406914729236
2011-03-14,5.31326606302586
2011-04-11,4.933063470658525
2011-05-12,5.97045272901381
2011-06-09,5.4989909335608536
2011-07-08,6.831367488601424
2011-08-05,6.462642772971609
2011-09-05,5.1739770661924895
2011-10-03,4.132356020205689
2011-10-31,4.007767610463985
2011-11-30,3.8738128656763724
2011-12-30,4.193351180576947
2012-01-30,4.255997801282365
2012-02-27,4.359845230862268
2012-03-26,4.104565069115124
2012-04-25,4.111936884382958
2012-05-25,4.0934527319095215
2012-06-25,4.098348795754386
2012-07-23,4.145074665036336
2012-08-21,4.333815824115131
2012-09-18,5.2299002151469915
2012-10-16,5.090706477265454
2012-11-14,5.105578143196384
2012-12-12,5.019294548232613
2013-01-16,3.978678278216181
2013-02-13,4.650351248802319
2013-03-13,4.615795193879083
2013-04-12,3.9518278533953684
2013-05-15,4.016057370211638
2013-06-13,3.999144176513429
2013-07-11,3.9559655748564477
2013-08-08,3.783946389445547
2013-09-06,3.9866559574554663
2013-10-04,3.069280714121381
2013-11-04,3.2302198352734117
2013-12-03,2.2733755365572152
2014-01-08,2.283677516979845
2014-02-05,2.242380232840333
2014-03-05,2.191814002824287
2014-04-02,2.2361572274574884
2014-05-05,2.2374006377821907
2014-06-02,2.3113805929394218
2014-07-01,2.478184840183066
2014-07-29,2.527133926623331
2014-08-27,2.5993239821956435
2014-09-24,2.8309857880860743
2014-10-22,2.863984328827352
2014-11-20,2.417425557673122
2014-12-18,2.550593484720976
2015-01-23,2.5551067534975163
2015-02-20,2.6246943697619263
2015-03-20,2.6221939792800137
2015-04-21,2.6182186227995317
2015-05-20,2.679411553567868
2015-06-18,2.7895846742260257
2015-07-16,2.76961930837081
2015-08-13,3.4922254662985517
2015-09-10,3.7971271828576283
2015-10-08,4.7307541030732665
2015-11-05,4.906893651545321
2015-12-04,4.791167361726295
2016-01-08,5.072803857535127
2016-02-05,5.575385775535287
2016-03-04,5.374443527229419
2016-04-05,2.927288501298204
2016-05-04,2.9877193335310315
2016-06-02,3.008111089909262
2016-06-30,2.8374195922239576
2016-07-28,3.1986606182272634
2016-08-26,3.3369201516870817
2016-09-23,3.4221789680310364
2016-10-21,3.454773138311847
2016-11-22,3.500908238830301
2016-12-20,3.5674797787197328
2017-01-19,3.7125590695085586
2017-02-16,3.612044041322408
2017-03-16,3.6358609047805075
2017-04-13,4.041887105433055
2017-05-17,4.051509071642207
2017-06-14,3.991740596624151
2017-07-13,4.23872906793736
2017-08-10,3.908919631079046
2017-09-08,3.91955004189903
2017-10-06,4.078936424515039
2017-11-06,4.382909171535051
2017-12-04,4.373898770388382
2018-01-05,4.181045076422899
2018-02-02,3.9886579698895863
2018-03-02,3.909083241860815
2018-04-03,3.0148170830473857
2018-05-02,2.951657232015652
2018-06-01,2.997168509122509
2018-06-29,2.769344243047689
2018-07-27,2.8666122314087743
2018-08-27,2.726593913191033
2018-09-24,2.8993994390218543
2018-10-22,2.886874076795551
2018-11-21,2.9238377288020274
2018-12-19,3.211251709837371
2019-01-23,3.1300544131606984
2019-02-20,3.2085471022261696
2019-03-20,3.224038609845811
2019-04-17,3.1876939454845434
2019-05-22,3.1411745053753997
2019-06-19,3.1754020840900155
2019-07-18,3.4318485465075645
2019-08-16,3.766901506797986
2019-09-13,3.32807909519293
2019-10-11,3.0151024396303554
2019-11-12,3.2599542030780384
2019-12-10,3.4903896792984157
2020-01-15,3.517220680017869
2020-02-12,6.005832171557516
2020-03-11,4.5821415273792905
2020-04-08,3.2034637004089057
2020-05-11,3.0827188257651312
2020-06-08,3.256531808213176
2020-07-07,3.6434318262714176
2020-08-04,4.075276262440151
2020-09-01,4.13884731584217
2020-09-29,4.17332291623222
2020-10-27,4.089298334296782
2020-11-25,4.098015932637291
2020-12-23,5.150303684610494
2021-01-27,5.167571706713762
2021-02-24,5.1559596810832575
2021-03-24,6.047027997083362
2021-04-23,5.494688366352301
2021-05-24,5.383551607251026
2021-06-22,5.555221006883207
2021-07-20,5.728331512353282
2021-08-17,5.599414560298944
2021-09-14,5.545692400558324
2021-10-12,5.575772968860984
2021-11-10,5.276233856494881
2021-12-09,5.314592773221207
2022-01-11,5.683192897028147
2022-02-08,5.72568348931713
2022-03-08,4.428015542130926
2022-04-05,4.6043719683879445
2022-05-06,4.6444630889838585
2022-06-03,4.6967090137809375
2022-07-04,4.647935416240339
2022-08-01,4.646010933259265
2022-08-30,4.707292700017072
2022-09-27,5.444613303469549
2022-10-25,4.693134041823847
2022-11-24,4.577601316512443
2022-12-22,4.484482580746311
2023-01-23,4.4537950571962135
2023-02-20,4.376957051728916
2023-03-20,3.9079147973128543
2023-04-19,3.974281887743357
2023-05-19,3.5802501491554404
2023-06-19,3.631330642974145
2023-07-17,3.667860167067248
2023-08-14,3.5063230345110523
2023-09-12,3.5294938454371545
2023-10-10,3.261177038022456
2023-11-08,4.043856302856632
2023-12-06,4.453792060753257
2024-01-08,4.50275697303092
2024-02-05,4.620398343081264
2024-03-04,4.694498405715654
2024-04-03,4.511681430960725
2024-05-02,4.2146789792711505
2024-06-03,3.885504126507724
2024-07-01,3.7122679751593326
2024-07-29,3.320556147057807
2024-08-27,3.190216206328048
2024-09-24,3.1071084391438517
2024-10-22,2.8196413159170457
2024-11-21,2.7998945805808892
2024-12-19,3.1999658921762952
2025-01-24,3.3347505281842698
2025-02-21,3.3442433885871097
2025-03-21,3.2823041777416346
2025-04-22,3.1443691823509985
2025-05-21,3.1103566114346792
2025-06-18,3.2302859949169758
2025-07-17,3.178319365029743
2025-08-14,3.2820876166306427
